"host","registrable_domain","route_code","review_reason","delegation_status","delegation_reason","host_resolution_status","host_resolution_reason","ip_location_status","ip_location_reason","ip_location_policy_status","ip_location_policy_reason","ip_location_provider","source_id","source_input_label"
"026idc.com","026idc.com","ip_location_to_review_policy_rejected","ip location policy rejected the resolved IP set","ns_records_exist","ns_records_exist","resolved","resolved","rejected","no_ips_matched","rejected","no_ips_matched","ipinfo_lite","direct","https://is.gd/43bKSw"
"0937.net","0937.net","ip_location_to_review_policy_rejected","ip location policy rejected the resolved IP set","ns_records_exist","ns_records_exist","resolved","resolved","rejected","no_ips_matched","rejected","no_ips_matched","ipinfo_lite","direct","https://is.gd/43bKSw"
"114.tel","114.tel","host_resolution_to_review_servfail","host resolution returned SERVFAIL after retries","ns_records_exist","ns_records_exist","servfail","host resolution returned SERVFAIL after retries","skipped","skipped","skipped","skipped","","direct","https://is.gd/43bKSw"
"11haoka.com","11haoka.com","manually_selected_for_filtered_to_review_not_in_sources","manually selected entry was not present in any configured source","skipped","skipped","skipped","skipped","skipped","skipped","skipped","skipped","","manually_selected_for_filtered","input/manually_selected_for_filtered/direct.txt"
"1234n.com","1234n.com","ip_location_to_review_policy_rejected","ip location policy rejected the resolved IP set","ns_records_exist","ns_records_exist","resolved","resolved","rejected","no_ips_matched","rejected","no_ips_matched","ipinfo_lite","direct","https://is.gd/43bKSw"
"17ai.me","17ai.me","ip_location_to_review_lookup_failed","ip_location lookup failed because the ip_location provider returned unusable data","ns_records_exist","ns_records_exist","resolved","resolved","invalid_payload","invalid_payload","skipped","skipped","ipinfo_lite","direct","https://is.gd/43bKSw"
"189store.com","189store.com","host_resolution_to_review_nodata","host resolution returned NODATA","ns_records_exist","ns_records_exist","nodata","host resolution returned NODATA","skipped","skipped","skipped","skipped","","direct","https://is.gd/43bKSw"
"1ka123.com","1ka123.com","ip_location_to_review_policy_rejected","ip location policy rejected the resolved IP set","ns_records_exist","ns_records_exist","resolved","resolved","rejected","no_ips_matched","rejected","no_ips_matched","ipinfo_lite","direct","https://is.gd/43bKSw"
"1kcx.hk","1kcx.hk","manually_selected_for_filtered_to_review_not_in_sources","manually selected entry was not present in any configured source","skipped","skipped","skipped","skipped","skipped","skipped","skipped","skipped","","manually_selected_for_filtered","input/manually_selected_for_filtered/direct.txt"
"1more.com","1more.com","host_resolution_to_review_nxdomain","canonical target returned NXDOMAIN","ns_records_exist","ns_records_exist","nxdomain","canonical target returned NXDOMAIN","skipped","skipped","skipped","skipped","","direct","https://is.gd/43bKSw"
"346tudx.com","346tudx.com","ip_location_to_review_policy_rejected","ip location policy rejected the resolved IP set","ns_records_exist","ns_records_exist","resolved","resolved","rejected","no_ips_matched","rejected","no_ips_matched","ipinfo_lite","direct","https://is.gd/43bKSw"
"3603.com","3603.com","ip_location_to_review_policy_rejected","ip location policy rejected the resolved IP set","ns_records_exist","ns_records_exist","resolved","resolved","rejected","no_ips_matched","rejected","no_ips_matched","ipinfo_lite","direct","https://is.gd/43bKSw"
"360gongkao.com","360gongkao.com","host_resolution_to_review_nodata","host resolution returned NODATA","ns_records_exist","ns_records_exist","nodata","host resolution returned NODATA","skipped","skipped","skipped","skipped","","direct","https://is.gd/43bKSw"
"3733.com","3733.com","ip_location_to_review_policy_rejected","ip location policy rejected the resolved IP set","ns_records_exist","ns_records_exist","resolved","resolved","rejected","no_ips_matched","rejected","no_ips_matched","ipinfo_lite","direct","https://is.gd/43bKSw"
"3kmq.com","3kmq.com","ip_location_to_review_policy_rejected","ip location policy rejected the resolved IP set","ns_records_exist","ns_records_exist","resolved","resolved","rejected","no_ips_matched","rejected","no_ips_matched","ipinfo_lite","direct","https://is.gd/43bKSw"
"4399dev.com","4399dev.com","host_resolution_to_review_nodata","host resolution returned NODATA","ns_records_exist","ns_records_exist","nodata","host resolution returned NODATA","skipped","skipped","skipped","skipped","","direct","https://is.gd/43bKSw"
"4hpy.com","4hpy.com","manually_selected_for_filtered_to_review_not_in_sources","manually selected entry was not present in any configured source","skipped","skipped","skipped","skipped","skipped","skipped","skipped","skipped","","manually_selected_for_filtered","input/manually_selected_for_filtered/direct.txt"
"51tas.com","51tas.com","manually_selected_for_filtered_to_review_not_in_sources","manually selected entry was not present in any configured source","skipped","skipped","skipped","skipped","skipped","skipped","skipped","skipped","","manually_selected_for_filtered","input/manually_selected_for_filtered/direct.txt"
"51ukf.com","51ukf.com","manually_selected_for_filtered_to_review_not_in_sources","manually selected entry was not present in any configured source","skipped","skipped","skipped","skipped","skipped","skipped","skipped","skipped","","manually_selected_for_filtered","input/manually_selected_for_filtered/direct.txt"
"52cnp.com","52cnp.com","ip_location_to_review_policy_rejected","ip location policy rejected the resolved IP set","ns_records_exist","ns_records_exist","resolved","resolved","rejected","no_ips_matched","rejected","no_ips_matched","ipinfo_lite","direct","https://is.gd/43bKSw"
"52jianpan.com","52jianpan.com","manually_selected_for_filtered_to_review_not_in_sources","manually selected entry was not present in any configured source","skipped","skipped","skipped","skipped","skipped","skipped","skipped","skipped","","manually_selected_for_filtered","input/manually_selected_for_filtered/direct.txt"
"52ml.net","52ml.net","manually_selected_for_filtered_to_review_not_in_sources","manually selected entry was not present in any configured source","skipped","skipped","skipped","skipped","skipped","skipped","skipped","skipped","","manually_selected_for_filtered","input/manually_selected_for_filtered/direct.txt"
"618208.xyz","618208.xyz","ip_location_to_review_policy_rejected","ip location policy rejected the resolved IP set","ns_records_exist","ns_records_exist","resolved","resolved","rejected","no_ips_matched","rejected","no_ips_matched","ipinfo_lite","direct","https://is.gd/43bKSw"
"71.am","71.am","host_resolution_to_review_nodata","host resolution returned NODATA","ns_records_exist","ns_records_exist","nodata","host resolution returned NODATA","skipped","skipped","skipped","skipped","","direct","https://is.gd/43bKSw"
"766z.com","766z.com","manually_selected_for_filtered_to_review_not_in_sources","manually selected entry was not present in any configured source","skipped","skipped","skipped","skipped","skipped","skipped","skipped","skipped","","manually_selected_for_filtered","input/manually_selected_for_filtered/direct.txt"
"8090cdn.com","8090cdn.com","ip_location_to_review_policy_rejected","ip location policy rejected the resolved IP set","ns_records_exist","ns_records_exist","resolved","resolved","rejected","no_ips_matched","rejected","no_ips_matched","ipinfo_lite","direct","https://is.gd/43bKSw"
"86kang.com","86kang.com","ip_location_to_review_policy_rejected","ip location policy rejected the resolved IP set","ns_records_exist","ns_records_exist","resolved","resolved","rejected","no_ips_matched","rejected","no_ips_matched","ipinfo_lite","direct","https://is.gd/43bKSw"
"888lm02.com","888lm02.com","ip_location_to_review_policy_rejected","ip location policy rejected the resolved IP set","ns_records_exist","ns_records_exist","resolved","resolved","rejected","no_ips_matched","rejected","no_ips_matched","ipinfo_lite","direct","https://is.gd/43bKSw"
"8dus.com","8dus.com","ip_location_to_review_policy_rejected","ip location policy rejected the resolved IP set","ns_records_exist","ns_records_exist","resolved","resolved","rejected","no_ips_matched","rejected","no_ips_matched","ipinfo_lite","direct","https://is.gd/43bKSw"
"8z.net","8z.net","ip_location_to_review_policy_rejected","ip location policy rejected the resolved IP set","ns_records_exist","ns_records_exist","resolved","resolved","rejected","no_ips_matched","rejected","no_ips_matched","ipinfo_lite","direct","https://is.gd/43bKSw"
"91ivr.com","91ivr.com","ip_location_to_review_policy_rejected","ip location policy rejected the resolved IP set","ns_records_exist","ns_records_exist","resolved","resolved","rejected","no_ips_matched","rejected","no_ips_matched","ipinfo_lite","direct","https://is.gd/43bKSw"
"91wangyx.com","91wangyx.com","ip_location_to_review_policy_rejected","ip location policy rejected the resolved IP set","ns_records_exist","ns_records_exist","resolved","resolved","rejected","no_ips_matched","rejected","no_ips_matched","ipinfo_lite","direct","https://is.gd/43bKSw"
"abcbank.shop","abcbank.shop","ip_location_to_review_policy_rejected","ip location policy rejected the resolved IP set","ns_records_exist","ns_records_exist","resolved","resolved","rejected","no_ips_matched","rejected","no_ips_matched","ipinfo_lite","direct","https://is.gd/43bKSw"
"activeclub.net","activeclub.net","ip_location_to_review_policy_rejected","ip location policy rejected the resolved IP set","ns_records_exist","ns_records_exist","resolved","resolved","rejected","no_ips_matched","rejected","no_ips_matched","ipinfo_lite","direct","https://is.gd/43bKSw"
"adlingsi.com","adlingsi.com","host_resolution_to_review_nodata","host resolution returned NODATA","ns_records_exist","ns_records_exist","nodata","host resolution returned NODATA","skipped","skipped","skipped","skipped","","direct","https://is.gd/43bKSw"
"afs-static.com","afs-static.com","ip_location_to_review_policy_rejected","ip location policy rejected the resolved IP set","ns_records_exist","ns_records_exist","resolved","resolved","rejected","no_ips_matched","rejected","no_ips_matched","ipinfo_lite","direct","https://is.gd/43bKSw"
"ahszbx.com","ahszbx.com","manually_selected_for_filtered_to_review_not_in_sources","manually selected entry was not present in any configured source","skipped","skipped","skipped","skipped","skipped","skipped","skipped","skipped","","manually_selected_for_filtered","input/manually_selected_for_filtered/direct.txt"
"aiboco.com","aiboco.com","ip_location_to_review_policy_rejected","ip location policy rejected the resolved IP set","ns_records_exist","ns_records_exist","resolved","resolved","rejected","no_ips_matched","rejected","no_ips_matched","ipinfo_lite","direct","https://is.gd/43bKSw"
"aise.chat","aise.chat","manually_selected_for_filtered_to_review_not_in_sources","manually selected entry was not present in any configured source","skipped","skipped","skipped","skipped","skipped","skipped","skipped","skipped","","manually_selected_for_filtered","input/manually_selected_for_filtered/direct.txt"
"aiyohoo.com","aiyohoo.com","host_resolution_to_review_nodata","host resolution returned NODATA","ns_records_exist","ns_records_exist","nodata","host resolution returned NODATA","skipped","skipped","skipped","skipped","","direct","https://is.gd/43bKSw"
"ajupf.com","ajupf.com","host_resolution_to_review_nodata","host resolution returned NODATA","ns_records_exist","ns_records_exist","nodata","host resolution returned NODATA","skipped","skipped","skipped","skipped","","direct","https://is.gd/43bKSw"
"allyfurn.com","allyfurn.com","ip_location_to_review_policy_rejected","ip location policy rejected the resolved IP set","ns_records_exist","ns_records_exist","resolved","resolved","rejected","no_ips_matched","rejected","no_ips_matched","ipinfo_lite","direct","https://is.gd/43bKSw"
"amethystum.com","amethystum.com","ip_location_to_review_policy_rejected","ip location policy rejected the resolved IP set","ns_records_exist","ns_records_exist","resolved","resolved","rejected","no_ips_matched","rejected","no_ips_matched","ipinfo_lite","direct","https://is.gd/43bKSw"
"anhuaiedu.com","anhuaiedu.com","ip_location_to_review_policy_rejected","ip location policy rejected the resolved IP set","ns_records_exist","ns_records_exist","resolved","resolved","rejected","no_ips_matched","rejected","no_ips_matched","ipinfo_lite","direct","https://is.gd/43bKSw"
"anshinko.com","anshinko.com","ip_location_to_review_policy_rejected","ip location policy rejected the resolved IP set","ns_records_exist","ns_records_exist","resolved","resolved","rejected","no_ips_matched","rejected","no_ips_matched","ipinfo_lite","direct","https://is.gd/43bKSw"
"antspainter.org","antspainter.org","manually_selected_for_filtered_to_review_not_in_sources","manually selected entry was not present in any configured source","skipped","skipped","skipped","skipped","skipped","skipped","skipped","skipped","","manually_selected_for_filtered","input/manually_selected_for_filtered/direct.txt"
"aoc.com","aoc.com","ip_location_to_review_policy_rejected","ip location policy rejected the resolved IP set","ns_records_exist","ns_records_exist","resolved","resolved","rejected","no_ips_matched","rejected","no_ips_matched","ipinfo_lite","direct","https://is.gd/43bKSw"
"app0772.com","app0772.com","manually_selected_for_filtered_to_review_not_in_sources","manually selected entry was not present in any configured source","skipped","skipped","skipped","skipped","skipped","skipped","skipped","skipped","","manually_selected_for_filtered","input/manually_selected_for_filtered/direct.txt"
"appsina.com","appsina.com","ip_location_to_review_lookup_failed","ip_location lookup failed because the ip_location provider returned unusable data","ns_records_exist","ns_records_exist","resolved","resolved","invalid_payload","invalid_payload","skipped","skipped","ipinfo_lite","direct","https://is.gd/43bKSw"
"ardmon.com","ardmon.com","manually_selected_for_filtered_to_review_not_in_sources","manually selected entry was not present in any configured source","skipped","skipped","skipped","skipped","skipped","skipped","skipped","skipped","","manually_selected_for_filtered","input/manually_selected_for_filtered/direct.txt"
"avanpa.com","avanpa.com","ip_location_to_review_policy_rejected","ip location policy rejected the resolved IP set","ns_records_exist","ns_records_exist","resolved","resolved","rejected","no_ips_matched","rejected","no_ips_matched","ipinfo_lite","direct","https://is.gd/43bKSw"
"baina.com","baina.com","ip_location_to_review_policy_rejected","ip location policy rejected the resolved IP set","ns_records_exist","ns_records_exist","resolved","resolved","rejected","no_ips_matched","rejected","no_ips_matched","ipinfo_lite","direct","https://is.gd/43bKSw"
"baozhuangren.com","baozhuangren.com","manually_selected_for_filtered_to_review_not_in_sources","manually selected entry was not present in any configured source","skipped","skipped","skipped","skipped","skipped","skipped","skipped","skipped","","manually_selected_for_filtered","input/manually_selected_for_filtered/direct.txt"
"basementfg.com","basementfg.com","host_resolution_to_review_nodata","host resolution returned NODATA","ns_records_exist","ns_records_exist","nodata","host resolution returned NODATA","skipped","skipped","skipped","skipped","","direct","https://is.gd/43bKSw"
"bbecpsc.com","bbecpsc.com","manually_selected_for_filtered_to_review_not_in_sources","manually selected entry was not present in any configured source","skipped","skipped","skipped","skipped","skipped","skipped","skipped","skipped","","manually_selected_for_filtered","input/manually_selected_for_filtered/direct.txt"
"bbonfire.com","bbonfire.com","manually_selected_for_filtered_to_review_not_in_sources","manually selected entry was not present in any configured source","skipped","skipped","skipped","skipped","skipped","skipped","skipped","skipped","","manually_selected_for_filtered","input/manually_selected_for_filtered/direct.txt"
"bbphonix.xyz","bbphonix.xyz","manually_selected_for_filtered_to_review_not_in_sources","manually selected entry was not present in any configured source","skipped","skipped","skipped","skipped","skipped","skipped","skipped","skipped","","manually_selected_for_filtered","input/manually_selected_for_filtered/direct.txt"
"bctuitui.com","bctuitui.com","ip_location_to_review_policy_rejected","ip location policy rejected the resolved IP set","ns_records_exist","ns_records_exist","resolved","resolved","rejected","no_ips_matched","rejected","no_ips_matched","ipinfo_lite","direct","https://is.gd/43bKSw"
"bestsignuniversal.com","bestsignuniversal.com","manually_selected_for_filtered_to_review_not_in_sources","manually selected entry was not present in any configured source","skipped","skipped","skipped","skipped","skipped","skipped","skipped","skipped","","manually_selected_for_filtered","input/manually_selected_for_filtered/direct.txt"
"biaodianfu.com","biaodianfu.com","manually_selected_for_filtered_to_review_not_in_sources","manually selected entry was not present in any configured source","skipped","skipped","skipped","skipped","skipped","skipped","skipped","skipped","","manually_selected_for_filtered","input/manually_selected_for_filtered/direct.txt"
"binyijiaju.com","binyijiaju.com","host_resolution_to_review_nodata","host resolution returned NODATA","ns_records_exist","ns_records_exist","nodata","host resolution returned NODATA","skipped","skipped","skipped","skipped","","direct","https://is.gd/43bKSw"
"birdicloud.com","birdicloud.com","host_resolution_to_review_nodata","host resolution returned NODATA","ns_records_exist","ns_records_exist","nodata","host resolution returned NODATA","skipped","skipped","skipped","skipped","","direct","https://is.gd/43bKSw"
"bjgjtjk.com","bjgjtjk.com","manually_selected_for_filtered_to_review_not_in_sources","manually selected entry was not present in any configured source","skipped","skipped","skipped","skipped","skipped","skipped","skipped","skipped","","manually_selected_for_filtered","input/manually_selected_for_filtered/direct.txt"
"bjjwwl.com","bjjwwl.com","host_resolution_to_review_nodata","host resolution returned NODATA","ns_records_exist","ns_records_exist","nodata","host resolution returned NODATA","skipped","skipped","skipped","skipped","","direct","https://is.gd/43bKSw"
"bjqlg.com","bjqlg.com","host_resolution_to_review_nxdomain","canonical target returned NXDOMAIN","ns_records_exist","ns_records_exist","nxdomain","canonical target returned NXDOMAIN","skipped","skipped","skipped","skipped","","direct","https://is.gd/43bKSw"
"bjyczb.com","bjyczb.com","manually_selected_for_filtered_to_review_not_in_sources","manually selected entry was not present in any configured source","skipped","skipped","skipped","skipped","skipped","skipped","skipped","skipped","","manually_selected_for_filtered","input/manually_selected_for_filtered/direct.txt"
"blipsandchitz.me","blipsandchitz.me","manually_selected_for_filtered_to_review_not_in_sources","manually selected entry was not present in any configured source","skipped","skipped","skipped","skipped","skipped","skipped","skipped","skipped","","manually_selected_for_filtered","input/manually_selected_for_filtered/direct.txt"
"bnuzz.com","bnuzz.com","ip_location_to_review_policy_rejected","ip location policy rejected the resolved IP set","ns_records_exist","ns_records_exist","resolved","resolved","rejected","no_ips_matched","rejected","no_ips_matched","ipinfo_lite","direct","https://is.gd/43bKSw"
"bqrdh.com","bqrdh.com","ip_location_to_review_policy_rejected","ip location policy rejected the resolved IP set","ns_records_exist","ns_records_exist","resolved","resolved","rejected","no_ips_matched","rejected","no_ips_matched","ipinfo_lite","direct","https://is.gd/43bKSw"
"brandcn.com","brandcn.com","ip_location_to_review_policy_rejected","ip location policy rejected the resolved IP set","ns_nodata","ns_nodata","resolved","resolved","rejected","no_ips_matched","rejected","no_ips_matched","ipinfo_lite","direct","https://is.gd/43bKSw"
"broad-ocean.com","broad-ocean.com","ip_location_to_review_policy_rejected","ip location policy rejected the resolved IP set","ns_records_exist","ns_records_exist","resolved","resolved","rejected","no_ips_matched","rejected","no_ips_matched","ipinfo_lite","direct","https://is.gd/43bKSw"
"btophr.com","btophr.com","ip_location_to_review_policy_rejected","ip location policy rejected the resolved IP set","ns_records_exist","ns_records_exist","resolved","resolved","rejected","no_ips_matched","rejected","no_ips_matched","ipinfo_lite","direct","https://is.gd/43bKSw"
"btyijiaxueyuan.com","btyijiaxueyuan.com","ip_location_to_review_policy_rejected","ip location policy rejected the resolved IP set","ns_records_exist","ns_records_exist","resolved","resolved","rejected","no_ips_matched","rejected","no_ips_matched","ipinfo_lite","direct","https://is.gd/43bKSw"
"bxlsj.com","bxlsj.com","host_resolution_to_review_nodata","host resolution returned NODATA","ns_records_exist","ns_records_exist","nodata","host resolution returned NODATA","skipped","skipped","skipped","skipped","","direct","https://is.gd/43bKSw"
"byd119.com","byd119.com","ip_location_to_review_policy_rejected","ip location policy rejected the resolved IP set","ns_records_exist","ns_records_exist","resolved","resolved","rejected","no_ips_matched","rejected","no_ips_matched","ipinfo_lite","direct","https://is.gd/43bKSw"
"bytezhi.com","bytezhi.com","host_resolution_to_review_servfail","host resolution returned SERVFAIL after retries","ns_records_exist","ns_records_exist","servfail","host resolution returned SERVFAIL after retries","skipped","skipped","skipped","skipped","","direct","https://is.gd/43bKSw"
"caidianqu.com","caidianqu.com","manually_selected_for_filtered_to_review_not_in_sources","manually selected entry was not present in any configured source","skipped","skipped","skipped","skipped","skipped","skipped","skipped","skipped","","manually_selected_for_filtered","input/manually_selected_for_filtered/direct.txt"
"callrui.com","callrui.com","manually_selected_for_filtered_to_review_not_in_sources","manually selected entry was not present in any configured source","skipped","skipped","skipped","skipped","skipped","skipped","skipped","skipped","","manually_selected_for_filtered","input/manually_selected_for_filtered/direct.txt"
"cardqu.com","cardqu.com","ip_location_to_review_policy_rejected","ip location policy rejected the resolved IP set","ns_records_exist","ns_records_exist","resolved","resolved","rejected","no_ips_matched","rejected","no_ips_matched","ipinfo_lite","direct","https://is.gd/43bKSw"
"cdjzw.com","cdjzw.com","manually_selected_for_filtered_to_review_not_in_sources","manually selected entry was not present in any configured source","skipped","skipped","skipped","skipped","skipped","skipped","skipped","skipped","","manually_selected_for_filtered","input/manually_selected_for_filtered/direct.txt"
"cdn362.cc","cdn362.cc","host_resolution_to_review_nodata","host resolution returned NODATA","ns_records_exist","ns_records_exist","nodata","host resolution returned NODATA","skipped","skipped","skipped","skipped","","direct","https://is.gd/43bKSw"
"cfdns46.com","cfdns46.com","host_resolution_to_review_nodata","host resolution returned NODATA","ns_records_exist","ns_records_exist","nodata","host resolution returned NODATA","skipped","skipped","skipped","skipped","","direct","https://is.gd/43bKSw"
"chem960.com","chem960.com","host_resolution_to_review_nodata","host resolution returned NODATA","ns_records_exist","ns_records_exist","nodata","host resolution returned NODATA","skipped","skipped","skipped","skipped","","direct","https://is.gd/43bKSw"
"chingkun.com","chingkun.com","manually_selected_for_filtered_to_review_not_in_sources","manually selected entry was not present in any configured source","skipped","skipped","skipped","skipped","skipped","skipped","skipped","skipped","","manually_selected_for_filtered","input/manually_selected_for_filtered/direct.txt"
"clay-wangzhi.com","clay-wangzhi.com","manually_selected_for_filtered_to_review_not_in_sources","manually selected entry was not present in any configured source","skipped","skipped","skipped","skipped","skipped","skipped","skipped","skipped","","manually_selected_for_filtered","input/manually_selected_for_filtered/direct.txt"
"cloudllll.com","cloudllll.com","host_resolution_to_review_nodata","host resolution returned NODATA","ns_records_exist","ns_records_exist","nodata","host resolution returned NODATA","skipped","skipped","skipped","skipped","","direct","https://is.gd/43bKSw"
"cloudt.chat","cloudt.chat","ip_location_to_review_policy_rejected","ip location policy rejected the resolved IP set","ns_records_exist","ns_records_exist","resolved","resolved","rejected","no_ips_matched","rejected","no_ips_matched","ipinfo_lite","direct","https://is.gd/43bKSw"
"cmo2o.com","cmo2o.com","host_resolution_to_review_nxdomain","canonical target returned NXDOMAIN","ns_records_exist","ns_records_exist","nxdomain","canonical target returned NXDOMAIN","skipped","skipped","skipped","skipped","","direct","https://is.gd/43bKSw"
"cnfisher.com","cnfisher.com","manually_selected_for_filtered_to_review_not_in_sources","manually selected entry was not present in any configured source","skipped","skipped","skipped","skipped","skipped","skipped","skipped","skipped","","manually_selected_for_filtered","input/manually_selected_for_filtered/direct.txt"
"cntoplead.com","cntoplead.com","ip_location_to_review_policy_rejected","ip location policy rejected the resolved IP set","ns_records_exist","ns_records_exist","resolved","resolved","rejected","no_ips_matched","rejected","no_ips_matched","ipinfo_lite","direct","https://is.gd/43bKSw"
"codebuddy.ai","codebuddy.ai","ip_location_to_review_policy_rejected","ip location policy rejected the resolved IP set","ns_records_exist","ns_records_exist","resolved","resolved","rejected","no_ips_matched","rejected","no_ips_matched","ipinfo_lite","direct","https://is.gd/43bKSw"
"cotenhao31.net","cotenhao31.net","host_resolution_to_review_nodata","host resolution returned NODATA","ns_records_exist","ns_records_exist","nodata","host resolution returned NODATA","skipped","skipped","skipped","skipped","","direct","https://is.gd/43bKSw"
"cq-qqcg.com","cq-qqcg.com","manually_selected_for_filtered_to_review_not_in_sources","manually selected entry was not present in any configured source","skipped","skipped","skipped","skipped","skipped","skipped","skipped","skipped","","manually_selected_for_filtered","input/manually_selected_for_filtered/direct.txt"
"cqnbmarathon.com","cqnbmarathon.com","host_resolution_to_review_nodata","host resolution returned NODATA","ns_records_exist","ns_records_exist","nodata","host resolution returned NODATA","skipped","skipped","skipped","skipped","","direct","https://is.gd/43bKSw"
"cqnetcn.com","cqnetcn.com","manually_selected_for_filtered_to_review_not_in_sources","manually selected entry was not present in any configured source","skipped","skipped","skipped","skipped","skipped","skipped","skipped","skipped","","manually_selected_for_filtered","input/manually_selected_for_filtered/direct.txt"
"cqwenbo.com","cqwenbo.com","host_resolution_to_review_nxdomain","canonical target returned NXDOMAIN","ns_records_exist","ns_records_exist","nxdomain","canonical target returned NXDOMAIN","skipped","skipped","skipped","skipped","","direct","https://is.gd/43bKSw"
"cummins-cq.com","cummins-cq.com","host_resolution_to_review_nodata","host resolution returned NODATA","ns_records_exist","ns_records_exist","nodata","host resolution returned NODATA","skipped","skipped","skipped","skipped","","direct","https://is.gd/43bKSw"
"cyalarm.com","cyalarm.com","ip_location_to_review_policy_rejected","ip location policy rejected the resolved IP set","ns_records_exist","ns_records_exist","resolved","resolved","rejected","no_ips_matched","rejected","no_ips_matched","ipinfo_lite","direct","https://is.gd/43bKSw"
"dakw.xyz","dakw.xyz","manually_selected_for_filtered_to_review_not_in_sources","manually selected entry was not present in any configured source","skipped","skipped","skipped","skipped","skipped","skipped","skipped","skipped","","manually_selected_for_filtered","input/manually_selected_for_filtered/direct.txt"
"ddtk.vip","ddtk.vip","manually_selected_for_filtered_to_review_not_in_sources","manually selected entry was not present in any configured source","skipped","skipped","skipped","skipped","skipped","skipped","skipped","skipped","","manually_selected_for_filtered","input/manually_selected_for_filtered/direct.txt"
"decwhy.com","decwhy.com","manually_selected_for_filtered_to_review_not_in_sources","manually selected entry was not present in any configured source","skipped","skipped","skipped","skipped","skipped","skipped","skipped","skipped","","manually_selected_for_filtered","input/manually_selected_for_filtered/direct.txt"
"deepzero.com","deepzero.com","host_resolution_to_review_nodata","host resolution returned NODATA","ns_records_exist","ns_records_exist","nodata","host resolution returned NODATA","skipped","skipped","skipped","skipped","","direct","https://is.gd/43bKSw"
"denson168.com","denson168.com","ip_location_to_review_policy_rejected","ip location policy rejected the resolved IP set","ns_records_exist","ns_records_exist","resolved","resolved","rejected","no_ips_matched","rejected","no_ips_matched","ipinfo_lite","direct","https://is.gd/43bKSw"
"dfldgx.com","dfldgx.com","ip_location_to_review_policy_rejected","ip location policy rejected the resolved IP set","ns_records_exist","ns_records_exist","resolved","resolved","rejected","no_ips_matched","rejected","no_ips_matched","ipinfo_lite","direct","https://is.gd/43bKSw"
"diandanbao.com","diandanbao.com","manually_selected_for_filtered_to_review_not_in_sources","manually selected entry was not present in any configured source","skipped","skipped","skipped","skipped","skipped","skipped","skipped","skipped","","manually_selected_for_filtered","input/manually_selected_for_filtered/direct.txt"
"diaoyu123.com","diaoyu123.com","manually_selected_for_filtered_to_review_not_in_sources","manually selected entry was not present in any configured source","skipped","skipped","skipped","skipped","skipped","skipped","skipped","skipped","","manually_selected_for_filtered","input/manually_selected_for_filtered/direct.txt"
"dljinfeng.com","dljinfeng.com","host_resolution_to_review_nodata","host resolution returned NODATA","ns_records_exist","ns_records_exist","nodata","host resolution returned NODATA","skipped","skipped","skipped","skipped","","direct","https://is.gd/43bKSw"
"dmaking.com","dmaking.com","manually_selected_for_filtered_to_review_not_in_sources","manually selected entry was not present in any configured source","skipped","skipped","skipped","skipped","skipped","skipped","skipped","skipped","","manually_selected_for_filtered","input/manually_selected_for_filtered/direct.txt"
"dnsjp.cc","dnsjp.cc","host_resolution_to_review_nodata","host resolution returned NODATA","ns_records_exist","ns_records_exist","nodata","host resolution returned NODATA","skipped","skipped","skipped","skipped","","direct","https://is.gd/43bKSw"
"dnski.com","dnski.com","host_resolution_to_review_nodata","host resolution returned NODATA","ns_records_exist","ns_records_exist","nodata","host resolution returned NODATA","skipped","skipped","skipped","skipped","","direct","https://is.gd/43bKSw"
"dqtzdt.com","dqtzdt.com","manually_selected_for_filtered_to_review_not_in_sources","manually selected entry was not present in any configured source","skipped","skipped","skipped","skipped","skipped","skipped","skipped","skipped","","manually_selected_for_filtered","input/manually_selected_for_filtered/direct.txt"
"dtinsure.com","dtinsure.com","host_resolution_to_review_nodata","host resolution returned NODATA","ns_records_exist","ns_records_exist","nodata","host resolution returned NODATA","skipped","skipped","skipped","skipped","","direct","https://is.gd/43bKSw"
"duokaiyun.com","duokaiyun.com","ip_location_to_review_policy_rejected","ip location policy rejected the resolved IP set","ns_records_exist","ns_records_exist","resolved","resolved","rejected","no_ips_matched","rejected","no_ips_matched","ipinfo_lite","direct","https://is.gd/43bKSw"
"duoying.com","duoying.com","ip_location_to_review_policy_rejected","ip location policy rejected the resolved IP set","ns_records_exist","ns_records_exist","resolved","resolved","rejected","no_ips_matched","rejected","no_ips_matched","ipinfo_lite","direct","https://is.gd/43bKSw"
"edgezeta.com","edgezeta.com","host_resolution_to_review_nodata","host resolution returned NODATA","ns_records_exist","ns_records_exist","nodata","host resolution returned NODATA","skipped","skipped","skipped","skipped","","direct","https://is.gd/43bKSw"
"efangwang.com","efangwang.com","ip_location_to_review_policy_rejected","ip location policy rejected the resolved IP set","ns_records_exist","ns_records_exist","resolved","resolved","rejected","no_ips_matched","rejected","no_ips_matched","ipinfo_lite","direct","https://is.gd/43bKSw"
"engagelab.email","engagelab.email","host_resolution_to_review_nodata","host resolution returned NODATA","ns_records_exist","ns_records_exist","nodata","host resolution returned NODATA","skipped","skipped","skipped","skipped","","direct","https://is.gd/43bKSw"
"erxitong.com","erxitong.com","manually_selected_for_filtered_to_review_not_in_sources","manually selected entry was not present in any configured source","skipped","skipped","skipped","skipped","skipped","skipped","skipped","skipped","","manually_selected_for_filtered","input/manually_selected_for_filtered/direct.txt"
"etmwanju.com","etmwanju.com","manually_selected_for_filtered_to_review_not_in_sources","manually selected entry was not present in any configured source","skipped","skipped","skipped","skipped","skipped","skipped","skipped","skipped","","manually_selected_for_filtered","input/manually_selected_for_filtered/direct.txt"
"euqwl.com","euqwl.com","manually_selected_for_filtered_to_review_not_in_sources","manually selected entry was not present in any configured source","skipped","skipped","skipped","skipped","skipped","skipped","skipped","skipped","","manually_selected_for_filtered","input/manually_selected_for_filtered/direct.txt"
"exyws.org","exyws.org","manually_selected_for_filtered_to_review_not_in_sources","manually selected entry was not present in any configured source","skipped","skipped","skipped","skipped","skipped","skipped","skipped","skipped","","manually_selected_for_filtered","input/manually_selected_for_filtered/direct.txt"
"eye4cloud.com","eye4cloud.com","host_resolution_to_review_nodata","host resolution returned NODATA","ns_records_exist","ns_records_exist","nodata","host resolution returned NODATA","skipped","skipped","skipped","skipped","","direct","https://is.gd/43bKSw"
"faka163.com","faka163.com","ip_location_to_review_policy_rejected","ip location policy rejected the resolved IP set","ns_records_exist","ns_records_exist","resolved","resolved","rejected","no_ips_matched","rejected","no_ips_matched","ipinfo_lite","direct","https://is.gd/43bKSw"
"fecshop.com","fecshop.com","manually_selected_for_filtered_to_review_not_in_sources","manually selected entry was not present in any configured source","skipped","skipped","skipped","skipped","skipped","skipped","skipped","skipped","","manually_selected_for_filtered","input/manually_selected_for_filtered/direct.txt"
"feimayun.com","feimayun.com","host_resolution_to_review_nodata","host resolution returned NODATA","ns_records_exist","ns_records_exist","nodata","host resolution returned NODATA","skipped","skipped","skipped","skipped","","direct","https://is.gd/43bKSw"
"fevte.com","fevte.com","manually_selected_for_filtered_to_review_not_in_sources","manually selected entry was not present in any configured source","skipped","skipped","skipped","skipped","skipped","skipped","skipped","skipped","","manually_selected_for_filtered","input/manually_selected_for_filtered/direct.txt"
"flan1688.com","flan1688.com","ip_location_to_review_policy_rejected","ip location policy rejected the resolved IP set","ns_records_exist","ns_records_exist","resolved","resolved","rejected","no_ips_matched","rejected","no_ips_matched","ipinfo_lite","direct","https://is.gd/43bKSw"
"fnspeed.net","fnspeed.net","host_resolution_to_review_nodata","host resolution returned NODATA","ns_records_exist","ns_records_exist","nodata","host resolution returned NODATA","skipped","skipped","skipped","skipped","","direct","https://is.gd/43bKSw"
"founderyt.com","founderyt.com","host_resolution_to_review_nodata","host resolution returned NODATA","ns_records_exist","ns_records_exist","nodata","host resolution returned NODATA","skipped","skipped","skipped","skipped","","direct","https://is.gd/43bKSw"
"fumhwl.com","fumhwl.com","host_resolution_to_review_nodata","host resolution returned NODATA","ns_records_exist","ns_records_exist","nodata","host resolution returned NODATA","skipped","skipped","skipped","skipped","","direct","https://is.gd/43bKSw"
"fuzhenghos.com","fuzhenghos.com","manually_selected_for_filtered_to_review_not_in_sources","manually selected entry was not present in any configured source","skipped","skipped","skipped","skipped","skipped","skipped","skipped","skipped","","manually_selected_for_filtered","input/manually_selected_for_filtered/direct.txt"
"gc91.com","gc91.com","manually_selected_for_filtered_to_review_not_in_sources","manually selected entry was not present in any configured source","skipped","skipped","skipped","skipped","skipped","skipped","skipped","skipped","","manually_selected_for_filtered","input/manually_selected_for_filtered/direct.txt"
"gdpcdz.com","gdpcdz.com","host_resolution_to_review_nodata","host resolution returned NODATA","ns_records_exist","ns_records_exist","nodata","host resolution returned NODATA","skipped","skipped","skipped","skipped","","direct","https://is.gd/43bKSw"
"gdyfxx.com","gdyfxx.com","host_resolution_to_review_nodata","canonical target has no A/AAAA records","ns_records_exist","ns_records_exist","nodata","canonical target has no A/AAAA records","skipped","skipped","skipped","skipped","","direct","https://is.gd/43bKSw"
"gdzzw.net","gdzzw.net","manually_selected_for_filtered_to_review_not_in_sources","manually selected entry was not present in any configured source","skipped","skipped","skipped","skipped","skipped","skipped","skipped","skipped","","manually_selected_for_filtered","input/manually_selected_for_filtered/direct.txt"
"gengduzhiku.com","gengduzhiku.com","host_resolution_to_review_nodata","host resolution returned NODATA","ns_records_exist","ns_records_exist","nodata","host resolution returned NODATA","skipped","skipped","skipped","skipped","","direct","https://is.gd/43bKSw"
"goflac.com","goflac.com","host_resolution_to_review_nodata","host resolution returned NODATA","ns_records_exist","ns_records_exist","nodata","host resolution returned NODATA","skipped","skipped","skipped","skipped","","direct","https://is.gd/43bKSw"
"golfvv.com","golfvv.com","ip_location_to_review_policy_rejected","ip location policy rejected the resolved IP set","ns_records_exist","ns_records_exist","resolved","resolved","rejected","no_ips_matched","rejected","no_ips_matched","ipinfo_lite","direct","https://is.gd/43bKSw"
"gp241.com","gp241.com","host_resolution_to_review_nodata","host resolution returned NODATA","ns_records_exist","ns_records_exist","nodata","host resolution returned NODATA","skipped","skipped","skipped","skipped","","direct","https://is.gd/43bKSw"
"grescw.com","grescw.com","manually_selected_for_filtered_to_review_not_in_sources","manually selected entry was not present in any configured source","skipped","skipped","skipped","skipped","skipped","skipped","skipped","skipped","","manually_selected_for_filtered","input/manually_selected_for_filtered/direct.txt"
"gstsz.com","gstsz.com","manually_selected_for_filtered_to_review_not_in_sources","manually selected entry was not present in any configured source","skipped","skipped","skipped","skipped","skipped","skipped","skipped","skipped","","manually_selected_for_filtered","input/manually_selected_for_filtered/direct.txt"
"gx-stbd.com","gx-stbd.com","ip_location_to_review_policy_rejected","ip location policy rejected the resolved IP set","ns_records_exist","ns_records_exist","resolved","resolved","rejected","no_ips_matched","rejected","no_ips_matched","ipinfo_lite","direct","https://is.gd/43bKSw"
"gxayn.com","gxayn.com","manually_selected_for_filtered_to_review_not_in_sources","manually selected entry was not present in any configured source","skipped","skipped","skipped","skipped","skipped","skipped","skipped","skipped","","manually_selected_for_filtered","input/manually_selected_for_filtered/direct.txt"
"gxbr668.com","gxbr668.com","manually_selected_for_filtered_to_review_not_in_sources","manually selected entry was not present in any configured source","skipped","skipped","skipped","skipped","skipped","skipped","skipped","skipped","","manually_selected_for_filtered","input/manually_selected_for_filtered/direct.txt"
"gxbykj.com","gxbykj.com","host_resolution_to_review_nodata","host resolution returned NODATA","ns_records_exist","ns_records_exist","nodata","host resolution returned NODATA","skipped","skipped","skipped","skipped","","direct","https://is.gd/43bKSw"
"gxgkzzr.com","gxgkzzr.com","ip_location_to_review_lookup_failed","ip_location lookup failed because the ip_location provider returned unusable data","ns_records_exist","ns_records_exist","resolved","resolved","invalid_payload","invalid_payload","skipped","skipped","ipinfo_lite","direct","https://is.gd/43bKSw"
"gxltmyjt.com","gxltmyjt.com","manually_selected_for_filtered_to_review_not_in_sources","manually selected entry was not present in any configured source","skipped","skipped","skipped","skipped","skipped","skipped","skipped","skipped","","manually_selected_for_filtered","input/manually_selected_for_filtered/direct.txt"
"gxrke1715.com","gxrke1715.com","ip_location_to_review_policy_rejected","ip location policy rejected the resolved IP set","ns_records_exist","ns_records_exist","resolved","resolved","rejected","no_ips_matched","rejected","no_ips_matched","ipinfo_lite","direct","https://is.gd/43bKSw"
"gxsjsd.com","gxsjsd.com","manually_selected_for_filtered_to_review_not_in_sources","manually selected entry was not present in any configured source","skipped","skipped","skipped","skipped","skipped","skipped","skipped","skipped","","manually_selected_for_filtered","input/manually_selected_for_filtered/direct.txt"
"gxwgdq.com","gxwgdq.com","manually_selected_for_filtered_to_review_not_in_sources","manually selected entry was not present in any configured source","skipped","skipped","skipped","skipped","skipped","skipped","skipped","skipped","","manually_selected_for_filtered","input/manually_selected_for_filtered/direct.txt"
"gxzmjg.com","gxzmjg.com","manually_selected_for_filtered_to_review_not_in_sources","manually selected entry was not present in any configured source","skipped","skipped","skipped","skipped","skipped","skipped","skipped","skipped","","manually_selected_for_filtered","input/manually_selected_for_filtered/direct.txt"
"gzquans.com","gzquans.com","host_resolution_to_review_nodata","host resolution returned NODATA","ns_records_exist","ns_records_exist","nodata","host resolution returned NODATA","skipped","skipped","skipped","skipped","","direct","https://is.gd/43bKSw"
"haohaozhu.com","haohaozhu.com","manually_selected_for_filtered_to_review_not_in_sources","manually selected entry was not present in any configured source","skipped","skipped","skipped","skipped","skipped","skipped","skipped","skipped","","manually_selected_for_filtered","input/manually_selected_for_filtered/direct.txt"
"hbdfmlw.com","hbdfmlw.com","manually_selected_for_filtered_to_review_not_in_sources","manually selected entry was not present in any configured source","skipped","skipped","skipped","skipped","skipped","skipped","skipped","skipped","","manually_selected_for_filtered","input/manually_selected_for_filtered/direct.txt"
"hbshanhe.com","hbshanhe.com","host_resolution_to_review_nodata","host resolution returned NODATA","ns_records_exist","ns_records_exist","nodata","host resolution returned NODATA","skipped","skipped","skipped","skipped","","direct","https://is.gd/43bKSw"
"hbzzzzw.com","hbzzzzw.com","manually_selected_for_filtered_to_review_not_in_sources","manually selected entry was not present in any configured source","skipped","skipped","skipped","skipped","skipped","skipped","skipped","skipped","","manually_selected_for_filtered","input/manually_selected_for_filtered/direct.txt"
"hhfxw.com","hhfxw.com","manually_selected_for_filtered_to_review_not_in_sources","manually selected entry was not present in any configured source","skipped","skipped","skipped","skipped","skipped","skipped","skipped","skipped","","manually_selected_for_filtered","input/manually_selected_for_filtered/direct.txt"
"hnrcjob.com","hnrcjob.com","manually_selected_for_filtered_to_review_not_in_sources","manually selected entry was not present in any configured source","skipped","skipped","skipped","skipped","skipped","skipped","skipped","skipped","","manually_selected_for_filtered","input/manually_selected_for_filtered/direct.txt"
"hnsbxl.com","hnsbxl.com","ip_location_to_review_policy_rejected","ip location policy rejected the resolved IP set","ns_records_exist","ns_records_exist","resolved","resolved","rejected","no_ips_matched","rejected","no_ips_matched","ipinfo_lite","direct","https://is.gd/43bKSw"
"hnyesf.com","hnyesf.com","host_resolution_to_review_nodata","host resolution returned NODATA","ns_records_exist","ns_records_exist","nodata","host resolution returned NODATA","skipped","skipped","skipped","skipped","","direct","https://is.gd/43bKSw"
"hnzjyw.com","hnzjyw.com","host_resolution_to_review_nodata","host resolution returned NODATA","ns_records_exist","ns_records_exist","nodata","host resolution returned NODATA","skipped","skipped","skipped","skipped","","direct","https://is.gd/43bKSw"
"hsdxdl.com","hsdxdl.com","host_resolution_to_review_nodata","host resolution returned NODATA","ns_records_exist","ns_records_exist","nodata","host resolution returned NODATA","skipped","skipped","skipped","skipped","","direct","https://is.gd/43bKSw"
"hszk.org","hszk.org","ip_location_to_review_policy_rejected","ip location policy rejected the resolved IP set","ns_records_exist","ns_records_exist","resolved","resolved","rejected","no_ips_matched","rejected","no_ips_matched","ipinfo_lite","direct","https://is.gd/43bKSw"
"htfoxit.com","htfoxit.com","manually_selected_for_filtered_to_review_not_in_sources","manually selected entry was not present in any configured source","skipped","skipped","skipped","skipped","skipped","skipped","skipped","skipped","","manually_selected_for_filtered","input/manually_selected_for_filtered/direct.txt"
"htst273h.com","htst273h.com","host_resolution_to_review_nodata","host resolution returned NODATA","ns_records_exist","ns_records_exist","nodata","host resolution returned NODATA","skipped","skipped","skipped","skipped","","direct","https://is.gd/43bKSw"
"huacheng2025.com","huacheng2025.com","host_resolution_to_review_nodata","host resolution returned NODATA","ns_records_exist","ns_records_exist","nodata","host resolution returned NODATA","skipped","skipped","skipped","skipped","","direct","https://is.gd/43bKSw"
"huajinct.com","huajinct.com","ip_location_to_review_policy_rejected","ip location policy rejected the resolved IP set","ns_records_exist","ns_records_exist","resolved","resolved","rejected","no_ips_matched","rejected","no_ips_matched","ipinfo_lite","direct","https://is.gd/43bKSw"
"hunger-valley.com","hunger-valley.com","manually_selected_for_filtered_to_review_not_in_sources","manually selected entry was not present in any configured source","skipped","skipped","skipped","skipped","skipped","skipped","skipped","skipped","","manually_selected_for_filtered","input/manually_selected_for_filtered/direct.txt"
"hunlian100.com","hunlian100.com","manually_selected_for_filtered_to_review_not_in_sources","manually selected entry was not present in any configured source","skipped","skipped","skipped","skipped","skipped","skipped","skipped","skipped","","manually_selected_for_filtered","input/manually_selected_for_filtered/direct.txt"
"hxkchips.com","hxkchips.com","host_resolution_to_review_nodata","host resolution returned NODATA","ns_records_exist","ns_records_exist","nodata","host resolution returned NODATA","skipped","skipped","skipped","skipped","","direct","https://is.gd/43bKSw"
"hzkjgf.com","hzkjgf.com","manually_selected_for_filtered_to_review_not_in_sources","manually selected entry was not present in any configured source","skipped","skipped","skipped","skipped","skipped","skipped","skipped","skipped","","manually_selected_for_filtered","input/manually_selected_for_filtered/direct.txt"
"hznrkj.com","hznrkj.com","host_resolution_to_review_nodata","host resolution returned NODATA","ns_records_exist","ns_records_exist","nodata","host resolution returned NODATA","skipped","skipped","skipped","skipped","","direct","https://is.gd/43bKSw"
"hzpfb.com","hzpfb.com","host_resolution_to_review_nodata","host resolution returned NODATA","ns_records_exist","ns_records_exist","nodata","host resolution returned NODATA","skipped","skipped","skipped","skipped","","direct","https://is.gd/43bKSw"
"hzttwl.com","hzttwl.com","host_resolution_to_review_nodata","host resolution returned NODATA","ns_records_exist","ns_records_exist","nodata","host resolution returned NODATA","skipped","skipped","skipped","skipped","","direct","https://is.gd/43bKSw"
"hzzx365.com","hzzx365.com","ip_location_to_review_policy_rejected","ip location policy rejected the resolved IP set","ns_records_exist","ns_records_exist","resolved","resolved","rejected","no_ips_matched","rejected","no_ips_matched","ipinfo_lite","direct","https://is.gd/43bKSw"
"i5p.com","i5p.com","manually_selected_for_filtered_to_review_not_in_sources","manually selected entry was not present in any configured source","skipped","skipped","skipped","skipped","skipped","skipped","skipped","skipped","","manually_selected_for_filtered","input/manually_selected_for_filtered/direct.txt"
"im5i.com","im5i.com","manually_selected_for_filtered_to_review_not_in_sources","manually selected entry was not present in any configured source","skipped","skipped","skipped","skipped","skipped","skipped","skipped","skipped","","manually_selected_for_filtered","input/manually_selected_for_filtered/direct.txt"
"initaq.com","initaq.com","host_resolution_to_review_nodata","host resolution returned NODATA","ns_records_exist","ns_records_exist","nodata","host resolution returned NODATA","skipped","skipped","skipped","skipped","","direct","https://is.gd/43bKSw"
"inveno.com","inveno.com","ip_location_to_review_policy_rejected","ip location policy rejected the resolved IP set","ns_records_exist","ns_records_exist","resolved","resolved","rejected","no_ips_matched","rejected","no_ips_matched","ipinfo_lite","direct","https://is.gd/43bKSw"
"iquantumad.com","iquantumad.com","host_resolution_to_review_nodata","host resolution returned NODATA","ns_records_exist","ns_records_exist","nodata","host resolution returned NODATA","skipped","skipped","skipped","skipped","","direct","https://is.gd/43bKSw"
"ithard.com","ithard.com","manually_selected_for_filtered_to_review_not_in_sources","manually selected entry was not present in any configured source","skipped","skipped","skipped","skipped","skipped","skipped","skipped","skipped","","manually_selected_for_filtered","input/manually_selected_for_filtered/direct.txt"
"iuctrip.com","iuctrip.com","host_resolution_to_review_nodata","host resolution returned NODATA","ns_records_exist","ns_records_exist","nodata","host resolution returned NODATA","skipped","skipped","skipped","skipped","","direct","https://is.gd/43bKSw"
"izhangchu.com","izhangchu.com","ip_location_to_review_policy_rejected","ip location policy rejected the resolved IP set","ns_records_exist","ns_records_exist","resolved","resolved","rejected","no_ips_matched","rejected","no_ips_matched","ipinfo_lite","direct","https://is.gd/43bKSw"
"izhuce.com","izhuce.com","ip_location_to_review_policy_rejected","ip location policy rejected the resolved IP set","ns_nodata","ns_nodata","resolved","resolved","rejected","no_ips_matched","rejected","no_ips_matched","ipinfo_lite","direct","https://is.gd/43bKSw"
"jbtlj.com","jbtlj.com","manually_selected_for_filtered_to_review_not_in_sources","manually selected entry was not present in any configured source","skipped","skipped","skipped","skipped","skipped","skipped","skipped","skipped","","manually_selected_for_filtered","input/manually_selected_for_filtered/direct.txt"
"jcwpec.com","jcwpec.com","manually_selected_for_filtered_to_review_not_in_sources","manually selected entry was not present in any configured source","skipped","skipped","skipped","skipped","skipped","skipped","skipped","skipped","","manually_selected_for_filtered","input/manually_selected_for_filtered/direct.txt"
"jhkao.com","jhkao.com","manually_selected_for_filtered_to_review_not_in_sources","manually selected entry was not present in any configured source","skipped","skipped","skipped","skipped","skipped","skipped","skipped","skipped","","manually_selected_for_filtered","input/manually_selected_for_filtered/direct.txt"
"jiacai001.com","jiacai001.com","ip_location_to_review_policy_rejected","ip location policy rejected the resolved IP set","ns_records_exist","ns_records_exist","resolved","resolved","rejected","no_ips_matched","rejected","no_ips_matched","ipinfo_lite","direct","https://is.gd/43bKSw"
"jian03.com","jian03.com","host_resolution_to_review_nodata","host resolution returned NODATA","ns_records_exist","ns_records_exist","nodata","host resolution returned NODATA","skipped","skipped","skipped","skipped","","direct","https://is.gd/43bKSw"
"jinrui-tech.com","jinrui-tech.com","ip_location_to_review_policy_rejected","ip location policy rejected the resolved IP set","ns_records_exist","ns_records_exist","resolved","resolved","rejected","no_ips_matched","rejected","no_ips_matched","ipinfo_lite","direct","https://is.gd/43bKSw"
"jixiao100.com","jixiao100.com","manually_selected_for_filtered_to_review_not_in_sources","manually selected entry was not present in any configured source","skipped","skipped","skipped","skipped","skipped","skipped","skipped","skipped","","manually_selected_for_filtered","input/manually_selected_for_filtered/direct.txt"
"jixieshi.com","jixieshi.com","manually_selected_for_filtered_to_review_not_in_sources","manually selected entry was not present in any configured source","skipped","skipped","skipped","skipped","skipped","skipped","skipped","skipped","","manually_selected_for_filtered","input/manually_selected_for_filtered/direct.txt"
"jkgeek.com","jkgeek.com","ip_location_to_review_policy_rejected","ip location policy rejected the resolved IP set","ns_records_exist","ns_records_exist","resolved","resolved","rejected","no_ips_matched","rejected","no_ips_matched","ipinfo_lite","direct","https://is.gd/43bKSw"
"jlxhyy.com","jlxhyy.com","manually_selected_for_filtered_to_review_not_in_sources","manually selected entry was not present in any configured source","skipped","skipped","skipped","skipped","skipped","skipped","skipped","skipped","","manually_selected_for_filtered","input/manually_selected_for_filtered/direct.txt"
"joylawyer.com","joylawyer.com","manually_selected_for_filtered_to_review_not_in_sources","manually selected entry was not present in any configured source","skipped","skipped","skipped","skipped","skipped","skipped","skipped","skipped","","manually_selected_for_filtered","input/manually_selected_for_filtered/direct.txt"
"jq2020.net","jq2020.net","host_resolution_to_review_nodata","host resolution returned NODATA","ns_records_exist","ns_records_exist","nodata","host resolution returned NODATA","skipped","skipped","skipped","skipped","","direct","https://is.gd/43bKSw"
"jsjffj.com","jsjffj.com","manually_selected_for_filtered_to_review_not_in_sources","manually selected entry was not present in any configured source","skipped","skipped","skipped","skipped","skipped","skipped","skipped","skipped","","manually_selected_for_filtered","input/manually_selected_for_filtered/direct.txt"
"jskuajing.com","jskuajing.com","host_resolution_to_review_nodata","host resolution returned NODATA","ns_records_exist","ns_records_exist","nodata","host resolution returned NODATA","skipped","skipped","skipped","skipped","","direct","https://is.gd/43bKSw"
"juantui.com","juantui.com","host_resolution_to_review_nodata","host resolution returned NODATA","ns_records_exist","ns_records_exist","nodata","host resolution returned NODATA","skipped","skipped","skipped","skipped","","direct","https://is.gd/43bKSw"
"kaidany.com","kaidany.com","manually_selected_for_filtered_to_review_not_in_sources","manually selected entry was not present in any configured source","skipped","skipped","skipped","skipped","skipped","skipped","skipped","skipped","","manually_selected_for_filtered","input/manually_selected_for_filtered/direct.txt"
"kamhing.net","kamhing.net","ip_location_to_review_policy_rejected","ip location policy rejected the resolved IP set","ns_records_exist","ns_records_exist","resolved","resolved","rejected","no_ips_matched","rejected","no_ips_matched","ipinfo_lite","direct","https://is.gd/43bKSw"
"kanxiquan.com","kanxiquan.com","host_resolution_to_review_nodata","host resolution returned NODATA","ns_records_exist","ns_records_exist","nodata","host resolution returned NODATA","skipped","skipped","skipped","skipped","","direct","https://is.gd/43bKSw"
"keky.org","keky.org","ip_location_to_review_policy_rejected","ip location policy rejected the resolved IP set","ns_records_exist","ns_records_exist","resolved","resolved","rejected","no_ips_matched","rejected","no_ips_matched","ipinfo_lite","direct","https://is.gd/43bKSw"
"kexianggroup.com","kexianggroup.com","manually_selected_for_filtered_to_review_not_in_sources","manually selected entry was not present in any configured source","skipped","skipped","skipped","skipped","skipped","skipped","skipped","skipped","","manually_selected_for_filtered","input/manually_selected_for_filtered/direct.txt"
"kongapi.com","kongapi.com","ip_location_to_review_policy_rejected","ip location policy rejected the resolved IP set","ns_records_exist","ns_records_exist","resolved","resolved","rejected","no_ips_matched","rejected","no_ips_matched","ipinfo_lite","direct","https://is.gd/43bKSw"
"kowa-dental.com","kowa-dental.com","manually_selected_for_filtered_to_review_not_in_sources","manually selected entry was not present in any configured source","skipped","skipped","skipped","skipped","skipped","skipped","skipped","skipped","","manually_selected_for_filtered","input/manually_selected_for_filtered/direct.txt"
"kuailekaishi.com","kuailekaishi.com","manually_selected_for_filtered_to_review_not_in_sources","manually selected entry was not present in any configured source","skipped","skipped","skipped","skipped","skipped","skipped","skipped","skipped","","manually_selected_for_filtered","input/manually_selected_for_filtered/direct.txt"
"kufangwuyou.com","kufangwuyou.com","ip_location_to_review_policy_rejected","ip location policy rejected the resolved IP set","ns_records_exist","ns_records_exist","resolved","resolved","rejected","no_ips_matched","rejected","no_ips_matched","ipinfo_lite","direct","https://is.gd/43bKSw"
"kunkkawu.com","kunkkawu.com","ip_location_to_review_policy_rejected","ip location policy rejected the resolved IP set","ns_records_exist","ns_records_exist","resolved","resolved","rejected","no_ips_matched","rejected","no_ips_matched","ipinfo_lite","direct","https://is.gd/43bKSw"
"kuzhazha.com","kuzhazha.com","manually_selected_for_filtered_to_review_not_in_sources","manually selected entry was not present in any configured source","skipped","skipped","skipped","skipped","skipped","skipped","skipped","skipped","","manually_selected_for_filtered","input/manually_selected_for_filtered/direct.txt"
"lankeji.com","lankeji.com","manually_selected_for_filtered_to_review_not_in_sources","manually selected entry was not present in any configured source","skipped","skipped","skipped","skipped","skipped","skipped","skipped","skipped","","manually_selected_for_filtered","input/manually_selected_for_filtered/direct.txt"
"laymauchina.com","laymauchina.com","manually_selected_for_filtered_to_review_not_in_sources","manually selected entry was not present in any configured source","skipped","skipped","skipped","skipped","skipped","skipped","skipped","skipped","","manually_selected_for_filtered","input/manually_selected_for_filtered/direct.txt"
"lefu8.com","lefu8.com","ip_location_to_review_policy_rejected","ip location policy rejected the resolved IP set","ns_records_exist","ns_records_exist","resolved","resolved","rejected","no_ips_matched","rejected","no_ips_matched","ipinfo_lite","direct","https://is.gd/43bKSw"
"lelai.com","lelai.com","ip_location_to_review_policy_rejected","ip location policy rejected the resolved IP set","ns_records_exist","ns_records_exist","resolved","resolved","rejected","no_ips_matched","rejected","no_ips_matched","ipinfo_lite","direct","https://is.gd/43bKSw"
"letang666.com","letang666.com","ip_location_to_review_policy_rejected","ip location policy rejected the resolved IP set","ns_records_exist","ns_records_exist","resolved","resolved","rejected","no_ips_matched","rejected","no_ips_matched","ipinfo_lite","direct","https://is.gd/43bKSw"
"lewl88.com","lewl88.com","host_resolution_to_review_nodata","host resolution returned NODATA","ns_records_exist","ns_records_exist","nodata","host resolution returned NODATA","skipped","skipped","skipped","skipped","","direct","https://is.gd/43bKSw"
"lgyzyy.com","lgyzyy.com","manually_selected_for_filtered_to_review_not_in_sources","manually selected entry was not present in any configured source","skipped","skipped","skipped","skipped","skipped","skipped","skipped","skipped","","manually_selected_for_filtered","input/manually_selected_for_filtered/direct.txt"
"loftshine.com","loftshine.com","manually_selected_for_filtered_to_review_not_in_sources","manually selected entry was not present in any configured source","skipped","skipped","skipped","skipped","skipped","skipped","skipped","skipped","","manually_selected_for_filtered","input/manually_selected_for_filtered/direct.txt"
"ltxzz.com","ltxzz.com","ip_location_to_review_policy_rejected","ip location policy rejected the resolved IP set","ns_records_exist","ns_records_exist","resolved","resolved","rejected","no_ips_matched","rejected","no_ips_matched","ipinfo_lite","direct","https://is.gd/43bKSw"
"lty02.com","lty02.com","ip_location_to_review_policy_rejected","ip location policy rejected the resolved IP set","ns_records_exist","ns_records_exist","resolved","resolved","rejected","no_ips_matched","rejected","no_ips_matched","ipinfo_lite","direct","https://is.gd/43bKSw"
"luckin.com","luckin.com","host_resolution_to_review_nodata","host resolution returned NODATA","ns_records_exist","ns_records_exist","nodata","host resolution returned NODATA","skipped","skipped","skipped","skipped","","direct","https://is.gd/43bKSw"
"luotuo101.com","luotuo101.com","ip_location_to_review_policy_rejected","ip location policy rejected the resolved IP set","ns_records_exist","ns_records_exist","resolved","resolved","rejected","no_ips_matched","rejected","no_ips_matched","ipinfo_lite","direct","https://is.gd/43bKSw"
"luoxue.com","luoxue.com","manually_selected_for_filtered_to_review_not_in_sources","manually selected entry was not present in any configured source","skipped","skipped","skipped","skipped","skipped","skipped","skipped","skipped","","manually_selected_for_filtered","input/manually_selected_for_filtered/direct.txt"
"lzkczy.com","lzkczy.com","host_resolution_to_review_servfail","host resolution returned SERVFAIL after retries","ns_records_exist","ns_records_exist","servfail","host resolution returned SERVFAIL after retries","skipped","skipped","skipped","skipped","","direct","https://is.gd/43bKSw"
"lzknpco.com","lzknpco.com","host_resolution_to_review_nodata","host resolution returned NODATA","ns_records_exist","ns_records_exist","nodata","host resolution returned NODATA","skipped","skipped","skipped","skipped","","direct","https://is.gd/43bKSw"
"lzyhzx.com","lzyhzx.com","host_resolution_to_review_nodata","host resolution returned NODATA","ns_records_exist","ns_records_exist","nodata","host resolution returned NODATA","skipped","skipped","skipped","skipped","","direct","https://is.gd/43bKSw"
"mahailushu.com","mahailushu.com","manually_selected_for_filtered_to_review_not_in_sources","manually selected entry was not present in any configured source","skipped","skipped","skipped","skipped","skipped","skipped","skipped","skipped","","manually_selected_for_filtered","input/manually_selected_for_filtered/direct.txt"
"manyupay.com","manyupay.com","ip_location_to_review_policy_rejected","ip location policy rejected the resolved IP set","ns_records_exist","ns_records_exist","resolved","resolved","rejected","no_ips_matched","rejected","no_ips_matched","ipinfo_lite","direct","https://is.gd/43bKSw"
"markedboat.com","markedboat.com","ip_location_to_review_policy_rejected","ip location policy rejected the resolved IP set","ns_records_exist","ns_records_exist","resolved","resolved","rejected","no_ips_matched","rejected","no_ips_matched","ipinfo_lite","direct","https://is.gd/43bKSw"
"mcall.im","mcall.im","ip_location_to_review_policy_rejected","ip location policy rejected the resolved IP set","ns_records_exist","ns_records_exist","resolved","resolved","rejected","no_ips_matched","rejected","no_ips_matched","ipinfo_lite","direct","https://is.gd/43bKSw"
"mcrmb.com","mcrmb.com","host_resolution_to_review_nodata","host resolution returned NODATA","ns_records_exist","ns_records_exist","nodata","host resolution returned NODATA","skipped","skipped","skipped","skipped","","direct","https://is.gd/43bKSw"
"mdyseducation.org","mdyseducation.org","ip_location_to_review_policy_rejected","ip location policy rejected the resolved IP set","ns_records_exist","ns_records_exist","resolved","resolved","rejected","no_ips_matched","rejected","no_ips_matched","ipinfo_lite","direct","https://is.gd/43bKSw"
"meetkb.com","meetkb.com","ip_location_to_review_policy_rejected","ip location policy rejected the resolved IP set","ns_records_exist","ns_records_exist","resolved","resolved","rejected","no_ips_matched","rejected","no_ips_matched","ipinfo_lite","direct","https://is.gd/43bKSw"
"menxue.com","menxue.com","host_resolution_to_review_nodata","host resolution returned NODATA","ns_records_exist","ns_records_exist","nodata","host resolution returned NODATA","skipped","skipped","skipped","skipped","","direct","https://is.gd/43bKSw"
"meoo.host","meoo.host","host_resolution_to_review_nodata","host resolution returned NODATA","ns_records_exist","ns_records_exist","nodata","host resolution returned NODATA","skipped","skipped","skipped","skipped","","direct","https://is.gd/43bKSw"
"meoo.xyz","meoo.xyz","host_resolution_to_review_nodata","host resolution returned NODATA","ns_records_exist","ns_records_exist","nodata","host resolution returned NODATA","skipped","skipped","skipped","skipped","","direct","https://is.gd/43bKSw"
"mifosy.com","mifosy.com","host_resolution_to_review_nodata","host resolution returned NODATA","ns_records_exist","ns_records_exist","nodata","host resolution returned NODATA","skipped","skipped","skipped","skipped","","direct","https://is.gd/43bKSw"
"moxidongman.com","moxidongman.com","ip_location_to_review_policy_rejected","ip location policy rejected the resolved IP set","ns_records_exist","ns_records_exist","resolved","resolved","rejected","no_ips_matched","rejected","no_ips_matched","ipinfo_lite","direct","https://is.gd/43bKSw"
"mtakm.com","mtakm.com","host_resolution_to_review_nodata","host resolution returned NODATA","ns_records_exist","ns_records_exist","nodata","host resolution returned NODATA","skipped","skipped","skipped","skipped","","direct","https://is.gd/43bKSw"
"nenufm.com","nenufm.com","manually_selected_for_filtered_to_review_not_in_sources","manually selected entry was not present in any configured source","skipped","skipped","skipped","skipped","skipped","skipped","skipped","skipped","","manually_selected_for_filtered","input/manually_selected_for_filtered/direct.txt"
"newcitygz.com","newcitygz.com","ip_location_to_review_policy_rejected","ip location policy rejected the resolved IP set","ns_records_exist","ns_records_exist","resolved","resolved","rejected","no_ips_matched","rejected","no_ips_matched","ipinfo_lite","direct","https://is.gd/43bKSw"
"nnzdbz.com","nnzdbz.com","manually_selected_for_filtered_to_review_not_in_sources","manually selected entry was not present in any configured source","skipped","skipped","skipped","skipped","skipped","skipped","skipped","skipped","","manually_selected_for_filtered","input/manually_selected_for_filtered/direct.txt"
"north30degrees.com","north30degrees.com","manually_selected_for_filtered_to_review_not_in_sources","manually selected entry was not present in any configured source","skipped","skipped","skipped","skipped","skipped","skipped","skipped","skipped","","manually_selected_for_filtered","input/manually_selected_for_filtered/direct.txt"
"nwiztech.com","nwiztech.com","host_resolution_to_review_nodata","host resolution returned NODATA","ns_records_exist","ns_records_exist","nodata","host resolution returned NODATA","skipped","skipped","skipped","skipped","","direct","https://is.gd/43bKSw"
"nyxcuy.com","nyxcuy.com","host_resolution_to_review_nodata","host resolution returned NODATA","ns_records_exist","ns_records_exist","nodata","host resolution returned NODATA","skipped","skipped","skipped","skipped","","direct","https://is.gd/43bKSw"
"ofulai.com","ofulai.com","host_resolution_to_review_nodata","host resolution returned NODATA","ns_records_exist","ns_records_exist","nodata","host resolution returned NODATA","skipped","skipped","skipped","skipped","","direct","https://is.gd/43bKSw"
"oiaqye7985.com","oiaqye7985.com","ip_location_to_review_lookup_failed","ip_location lookup failed because the ip_location provider returned unusable data","ns_records_exist","ns_records_exist","resolved","resolved","invalid_payload","invalid_payload","skipped","skipped","ipinfo_lite","direct","https://is.gd/43bKSw"
"ollomall.com","ollomall.com","ip_location_to_review_policy_rejected","ip location policy rejected the resolved IP set","ns_records_exist","ns_records_exist","resolved","resolved","rejected","no_ips_matched","rejected","no_ips_matched","ipinfo_lite","direct","https://is.gd/43bKSw"
"orcadt.com","orcadt.com","ip_location_to_review_policy_rejected","ip location policy rejected the resolved IP set","ns_records_exist","ns_records_exist","resolved","resolved","rejected","no_ips_matched","rejected","no_ips_matched","ipinfo_lite","direct","https://is.gd/43bKSw"
"oudas.tech","oudas.tech","ip_location_to_review_policy_rejected","ip location policy rejected the resolved IP set","ns_records_exist","ns_records_exist","resolved","resolved","rejected","no_ips_matched","rejected","no_ips_matched","ipinfo_lite","direct","https://is.gd/43bKSw"
"owulia.com","owulia.com","manually_selected_for_filtered_to_review_not_in_sources","manually selected entry was not present in any configured source","skipped","skipped","skipped","skipped","skipped","skipped","skipped","skipped","","manually_selected_for_filtered","input/manually_selected_for_filtered/direct.txt"
"oxflac.com","oxflac.com","host_resolution_to_review_nodata","host resolution returned NODATA","ns_records_exist","ns_records_exist","nodata","host resolution returned NODATA","skipped","skipped","skipped","skipped","","direct","https://is.gd/43bKSw"
"passer-by.com","passer-by.com","manually_selected_for_filtered_to_review_not_in_sources","manually selected entry was not present in any configured source","skipped","skipped","skipped","skipped","skipped","skipped","skipped","skipped","","manually_selected_for_filtered","input/manually_selected_for_filtered/direct.txt"
"pcwgu.com","pcwgu.com","ip_location_to_review_policy_rejected","ip location policy rejected the resolved IP set","ns_records_exist","ns_records_exist","resolved","resolved","rejected","no_ips_matched","rejected","no_ips_matched","ipinfo_lite","direct","https://is.gd/43bKSw"
"pdf001.com","pdf001.com","ip_location_to_review_policy_rejected","ip location policy rejected the resolved IP set","ns_records_exist","ns_records_exist","resolved","resolved","rejected","no_ips_matched","rejected","no_ips_matched","ipinfo_lite","direct","https://is.gd/43bKSw"
"pku-lvxin.com","pku-lvxin.com","host_resolution_to_review_servfail","host resolution returned SERVFAIL after retries","ns_records_exist","ns_records_exist","servfail","host resolution returned SERVFAIL after retries","skipped","skipped","skipped","skipped","","direct","https://is.gd/43bKSw"
"pookcdn.net","pookcdn.net","host_resolution_to_review_nodata","host resolution returned NODATA","ns_records_exist","ns_records_exist","nodata","host resolution returned NODATA","skipped","skipped","skipped","skipped","","direct","https://is.gd/43bKSw"
"powervision.me","powervision.me","manually_selected_for_filtered_to_review_not_in_sources","manually selected entry was not present in any configured source","skipped","skipped","skipped","skipped","skipped","skipped","skipped","skipped","","manually_selected_for_filtered","input/manually_selected_for_filtered/direct.txt"
"ppqrrs.com","ppqrrs.com","host_resolution_to_review_nodata","host resolution returned NODATA","ns_records_exist","ns_records_exist","nodata","host resolution returned NODATA","skipped","skipped","skipped","skipped","","direct","https://is.gd/43bKSw"
"preyp.net","preyp.net","manually_selected_for_filtered_to_review_not_in_sources","manually selected entry was not present in any configured source","skipped","skipped","skipped","skipped","skipped","skipped","skipped","skipped","","manually_selected_for_filtered","input/manually_selected_for_filtered/direct.txt"
"prts.plus","prts.plus","ip_location_to_review_policy_rejected","ip location policy rejected the resolved IP set","ns_records_exist","ns_records_exist","resolved","resolved","rejected","no_ips_matched","rejected","no_ips_matched","ipinfo_lite","direct","https://is.gd/43bKSw"
"ptzwdt.com","ptzwdt.com","host_resolution_to_review_nodata","host resolution returned NODATA","ns_records_exist","ns_records_exist","nodata","host resolution returned NODATA","skipped","skipped","skipped","skipped","","direct","https://is.gd/43bKSw"
"pvz1.com","pvz1.com","ip_location_to_review_policy_rejected","ip location policy rejected the resolved IP set","ns_records_exist","ns_records_exist","resolved","resolved","rejected","no_ips_matched","rejected","no_ips_matched","ipinfo_lite","direct","https://is.gd/43bKSw"
"qcgm.net","qcgm.net","host_resolution_to_review_nodata","host resolution returned NODATA","ns_records_exist","ns_records_exist","nodata","host resolution returned NODATA","skipped","skipped","skipped","skipped","","direct","https://is.gd/43bKSw"
"qcmgkids.com","qcmgkids.com","manually_selected_for_filtered_to_review_not_in_sources","manually selected entry was not present in any configured source","skipped","skipped","skipped","skipped","skipped","skipped","skipped","skipped","","manually_selected_for_filtered","input/manually_selected_for_filtered/direct.txt"
"qgqy.com","qgqy.com","ip_location_to_review_policy_rejected","ip location policy rejected the resolved IP set","ns_records_exist","ns_records_exist","resolved","resolved","rejected","no_ips_matched","rejected","no_ips_matched","ipinfo_lite","direct","https://is.gd/43bKSw"
"qhong.net","qhong.net","ip_location_to_review_lookup_failed","ip_location lookup failed because the ip_location provider returned unusable data","ns_records_exist","ns_records_exist","resolved","resolved","invalid_payload","invalid_payload","skipped","skipped","ipinfo_lite","direct","https://is.gd/43bKSw"
"qiantangcredit.com","qiantangcredit.com","host_resolution_to_review_nodata","host resolution returned NODATA","ns_records_exist","ns_records_exist","nodata","host resolution returned NODATA","skipped","skipped","skipped","skipped","","direct","https://is.gd/43bKSw"
"qianxibj.net","qianxibj.net","ip_location_to_review_policy_rejected","ip location policy rejected the resolved IP set","ns_records_exist","ns_records_exist","resolved","resolved","rejected","no_ips_matched","rejected","no_ips_matched","ipinfo_lite","direct","https://is.gd/43bKSw"
"qibo168.com","qibo168.com","ip_location_to_review_policy_rejected","ip location policy rejected the resolved IP set","ns_nodata","ns_nodata","resolved","resolved","rejected","no_ips_matched","rejected","no_ips_matched","ipinfo_lite","direct","https://is.gd/43bKSw"
"qinggl.com","qinggl.com","manually_selected_for_filtered_to_review_not_in_sources","manually selected entry was not present in any configured source","skipped","skipped","skipped","skipped","skipped","skipped","skipped","skipped","","manually_selected_for_filtered","input/manually_selected_for_filtered/direct.txt"
"qingsucai.com","qingsucai.com","manually_selected_for_filtered_to_review_not_in_sources","manually selected entry was not present in any configured source","skipped","skipped","skipped","skipped","skipped","skipped","skipped","skipped","","manually_selected_for_filtered","input/manually_selected_for_filtered/direct.txt"
"qiufaqf.com","qiufaqf.com","ip_location_to_review_policy_rejected","ip location policy rejected the resolved IP set","ns_records_exist","ns_records_exist","resolved","resolved","rejected","no_ips_matched","rejected","no_ips_matched","ipinfo_lite","direct","https://is.gd/43bKSw"
"qj99.net","qj99.net","manually_selected_for_filtered_to_review_not_in_sources","manually selected entry was not present in any configured source","skipped","skipped","skipped","skipped","skipped","skipped","skipped","skipped","","manually_selected_for_filtered","input/manually_selected_for_filtered/direct.txt"
"qlgfdns.com","qlgfdns.com","host_resolution_to_review_nodata","host resolution returned NODATA","ns_records_exist","ns_records_exist","nodata","host resolution returned NODATA","skipped","skipped","skipped","skipped","","direct","https://is.gd/43bKSw"
"qmht.com","qmht.com","ip_location_to_review_lookup_failed","ip_location lookup failed because the ip_location provider returned unusable data","ns_records_exist","ns_records_exist","resolved","resolved","invalid_payload","invalid_payload","skipped","skipped","ipinfo_lite","direct","https://is.gd/43bKSw"
"qqopenapp.com","qqopenapp.com","ip_location_to_review_lookup_failed","ip_location lookup failed because the ip_location provider returned unusable data","ns_nodata","ns_nodata","resolved","resolved","invalid_payload","invalid_payload","skipped","skipped","ipinfo_lite","direct","https://is.gd/43bKSw"
"qqscb.com","qqscb.com","manually_selected_for_filtered_to_review_not_in_sources","manually selected entry was not present in any configured source","skipped","skipped","skipped","skipped","skipped","skipped","skipped","skipped","","manually_selected_for_filtered","input/manually_selected_for_filtered/direct.txt"
"qqwjx.com","qqwjx.com","ip_location_to_review_policy_rejected","ip location policy rejected the resolved IP set","ns_nodata","ns_nodata","resolved","resolved","rejected","no_ips_matched","rejected","no_ips_matched","ipinfo_lite","direct","https://is.gd/43bKSw"
"quanwangbao.com","quanwangbao.com","ip_location_to_review_policy_rejected","ip location policy rejected the resolved IP set","ns_records_exist","ns_records_exist","resolved","resolved","rejected","no_ips_matched","rejected","no_ips_matched","ipinfo_lite","direct","https://is.gd/43bKSw"
"qz588.com","qz588.com","host_resolution_to_review_nodata","host resolution returned NODATA","ns_records_exist","ns_records_exist","nodata","host resolution returned NODATA","skipped","skipped","skipped","skipped","","direct","https://is.gd/43bKSw"
"qzclfc.com","qzclfc.com","manually_selected_for_filtered_to_review_not_in_sources","manually selected entry was not present in any configured source","skipped","skipped","skipped","skipped","skipped","skipped","skipped","skipped","","manually_selected_for_filtered","input/manually_selected_for_filtered/direct.txt"
"qzsx168.com","qzsx168.com","manually_selected_for_filtered_to_review_not_in_sources","manually selected entry was not present in any configured source","skipped","skipped","skipped","skipped","skipped","skipped","skipped","skipped","","manually_selected_for_filtered","input/manually_selected_for_filtered/direct.txt"
"rcbc888.com","rcbc888.com","manually_selected_for_filtered_to_review_not_in_sources","manually selected entry was not present in any configured source","skipped","skipped","skipped","skipped","skipped","skipped","skipped","skipped","","manually_selected_for_filtered","input/manually_selected_for_filtered/direct.txt"
"rmzt.com","rmzt.com","ip_location_to_review_policy_rejected","ip location policy rejected the resolved IP set","ns_records_exist","ns_records_exist","resolved","resolved","rejected","no_ips_matched","rejected","no_ips_matched","ipinfo_lite","direct","https://is.gd/43bKSw"
"rongchenjx.com","rongchenjx.com","manually_selected_for_filtered_to_review_not_in_sources","manually selected entry was not present in any configured source","skipped","skipped","skipped","skipped","skipped","skipped","skipped","skipped","","manually_selected_for_filtered","input/manually_selected_for_filtered/direct.txt"
"rongtongworld.com","rongtongworld.com","manually_selected_for_filtered_to_review_not_in_sources","manually selected entry was not present in any configured source","skipped","skipped","skipped","skipped","skipped","skipped","skipped","skipped","","manually_selected_for_filtered","input/manually_selected_for_filtered/direct.txt"
"roushidongwu.com","roushidongwu.com","ip_location_to_review_policy_rejected","ip location policy rejected the resolved IP set","ns_records_exist","ns_records_exist","resolved","resolved","rejected","no_ips_matched","rejected","no_ips_matched","ipinfo_lite","direct","https://is.gd/43bKSw"
"ruanduo.com","ruanduo.com","ip_location_to_review_policy_rejected","ip location policy rejected the resolved IP set","ns_records_exist","ns_records_exist","resolved","resolved","rejected","no_ips_matched","rejected","no_ips_matched","ipinfo_lite","direct","https://is.gd/43bKSw"
"ruihuo.com","ruihuo.com","host_resolution_to_review_nodata","host resolution returned NODATA","ns_records_exist","ns_records_exist","nodata","host resolution returned NODATA","skipped","skipped","skipped","skipped","","direct","https://is.gd/43bKSw"
"saebbs.com","saebbs.com","ip_location_to_review_lookup_failed","ip_location lookup failed because the ip_location provider returned unusable data","ns_records_exist","ns_records_exist","resolved","resolved","invalid_payload","invalid_payload","skipped","skipped","ipinfo_lite","direct","https://is.gd/43bKSw"
"safetytaxfree.com","safetytaxfree.com","ip_location_to_review_policy_rejected","ip location policy rejected the resolved IP set","ns_records_exist","ns_records_exist","resolved","resolved","rejected","no_ips_matched","rejected","no_ips_matched","ipinfo_lite","direct","https://is.gd/43bKSw"
"sandload.com","sandload.com","manually_selected_for_filtered_to_review_not_in_sources","manually selected entry was not present in any configured source","skipped","skipped","skipped","skipped","skipped","skipped","skipped","skipped","","manually_selected_for_filtered","input/manually_selected_for_filtered/direct.txt"
"sangexinmy.com","sangexinmy.com","host_resolution_to_review_nodata","host resolution returned NODATA","ns_records_exist","ns_records_exist","nodata","host resolution returned NODATA","skipped","skipped","skipped","skipped","","direct","https://is.gd/43bKSw"
"sanliwenhua.com","sanliwenhua.com","ip_location_to_review_policy_rejected","ip location policy rejected the resolved IP set","ns_records_exist","ns_records_exist","resolved","resolved","rejected","no_ips_matched","rejected","no_ips_matched","ipinfo_lite","direct","https://is.gd/43bKSw"
"sbooy.com","sbooy.com","host_resolution_to_review_nodata","host resolution returned NODATA","ns_records_exist","ns_records_exist","nodata","host resolution returned NODATA","skipped","skipped","skipped","skipped","","direct","https://is.gd/43bKSw"
"sc788.com","sc788.com","manually_selected_for_filtered_to_review_not_in_sources","manually selected entry was not present in any configured source","skipped","skipped","skipped","skipped","skipped","skipped","skipped","skipped","","manually_selected_for_filtered","input/manually_selected_for_filtered/direct.txt"
"scitycase.com","scitycase.com","manually_selected_for_filtered_to_review_not_in_sources","manually selected entry was not present in any configured source","skipped","skipped","skipped","skipped","skipped","skipped","skipped","skipped","","manually_selected_for_filtered","input/manually_selected_for_filtered/direct.txt"
"scqjxh.com","scqjxh.com","manually_selected_for_filtered_to_review_not_in_sources","manually selected entry was not present in any configured source","skipped","skipped","skipped","skipped","skipped","skipped","skipped","skipped","","manually_selected_for_filtered","input/manually_selected_for_filtered/direct.txt"
"seacon.com","seacon.com","host_resolution_to_review_nodata","host resolution returned NODATA","ns_records_exist","ns_records_exist","nodata","host resolution returned NODATA","skipped","skipped","skipped","skipped","","direct","https://is.gd/43bKSw"
"secdoctor.com","secdoctor.com","manually_selected_for_filtered_to_review_not_in_sources","manually selected entry was not present in any configured source","skipped","skipped","skipped","skipped","skipped","skipped","skipped","skipped","","manually_selected_for_filtered","input/manually_selected_for_filtered/direct.txt"
"seegif.com","seegif.com","manually_selected_for_filtered_to_review_not_in_sources","manually selected entry was not present in any configured source","skipped","skipped","skipped","skipped","skipped","skipped","skipped","skipped","","manually_selected_for_filtered","input/manually_selected_for_filtered/direct.txt"
"sh-jingjin.com","sh-jingjin.com","ip_location_to_review_policy_rejected","ip location policy rejected the resolved IP set","ns_records_exist","ns_records_exist","resolved","resolved","rejected","no_ips_matched","rejected","no_ips_matched","ipinfo_lite","direct","https://is.gd/43bKSw"
"sharelogis.com","sharelogis.com","ip_location_to_review_policy_rejected","ip location policy rejected the resolved IP set","ns_records_exist","ns_records_exist","resolved","resolved","rejected","no_ips_matched","rejected","no_ips_matched","ipinfo_lite","direct","https://is.gd/43bKSw"
"shishagame.com","shishagame.com","manually_selected_for_filtered_to_review_not_in_sources","manually selected entry was not present in any configured source","skipped","skipped","skipped","skipped","skipped","skipped","skipped","skipped","","manually_selected_for_filtered","input/manually_selected_for_filtered/direct.txt"
"shouce.ren","shouce.ren","manually_selected_for_filtered_to_review_not_in_sources","manually selected entry was not present in any configured source","skipped","skipped","skipped","skipped","skipped","skipped","skipped","skipped","","manually_selected_for_filtered","input/manually_selected_for_filtered/direct.txt"
"sinacloud.com","sinacloud.com","ip_location_to_review_lookup_failed","ip_location lookup failed because the ip_location provider returned unusable data","ns_records_exist","ns_records_exist","resolved","resolved","invalid_payload","invalid_payload","skipped","skipped","ipinfo_lite","direct","https://is.gd/43bKSw"
"sinasws.com","sinasws.com","ip_location_to_review_lookup_failed","ip_location lookup failed because the ip_location provider returned unusable data","ns_records_exist","ns_records_exist","resolved","resolved","invalid_payload","invalid_payload","skipped","skipped","ipinfo_lite","direct","https://is.gd/43bKSw"
"sjchess.com","sjchess.com","ip_location_to_review_policy_rejected","ip location policy rejected the resolved IP set","ns_records_exist","ns_records_exist","resolved","resolved","rejected","no_ips_matched","rejected","no_ips_matched","ipinfo_lite","direct","https://is.gd/43bKSw"
"sjhf120.com","sjhf120.com","host_resolution_to_review_nodata","host resolution returned NODATA","ns_records_exist","ns_records_exist","nodata","host resolution returned NODATA","skipped","skipped","skipped","skipped","","direct","https://is.gd/43bKSw"
"sjpjyx.com","sjpjyx.com","ip_location_to_review_policy_rejected","ip location policy rejected the resolved IP set","ns_records_exist","ns_records_exist","resolved","resolved","rejected","no_ips_matched","rejected","no_ips_matched","ipinfo_lite","direct","https://is.gd/43bKSw"
"sjzlgz.com","sjzlgz.com","manually_selected_for_filtered_to_review_not_in_sources","manually selected entry was not present in any configured source","skipped","skipped","skipped","skipped","skipped","skipped","skipped","skipped","","manually_selected_for_filtered","input/manually_selected_for_filtered/direct.txt"
"skeo.net","skeo.net","host_resolution_to_review_nodata","host resolution returned NODATA","ns_records_exist","ns_records_exist","nodata","host resolution returned NODATA","skipped","skipped","skipped","skipped","","direct","https://is.gd/43bKSw"
"smoothgroup.cc","smoothgroup.cc","ip_location_to_review_policy_rejected","ip location policy rejected the resolved IP set","ns_records_exist","ns_records_exist","resolved","resolved","rejected","no_ips_matched","rejected","no_ips_matched","ipinfo_lite","direct","https://is.gd/43bKSw"
"snbcnyjt.com","snbcnyjt.com","manually_selected_for_filtered_to_review_not_in_sources","manually selected entry was not present in any configured source","skipped","skipped","skipped","skipped","skipped","skipped","skipped","skipped","","manually_selected_for_filtered","input/manually_selected_for_filtered/direct.txt"
"sogalqd.com","sogalqd.com","manually_selected_for_filtered_to_review_not_in_sources","manually selected entry was not present in any configured source","skipped","skipped","skipped","skipped","skipped","skipped","skipped","skipped","","manually_selected_for_filtered","input/manually_selected_for_filtered/direct.txt"
"sootmoor.com","sootmoor.com","manually_selected_for_filtered_to_review_not_in_sources","manually selected entry was not present in any configured source","skipped","skipped","skipped","skipped","skipped","skipped","skipped","skipped","","manually_selected_for_filtered","input/manually_selected_for_filtered/direct.txt"
"spochikj.com","spochikj.com","manually_selected_for_filtered_to_review_not_in_sources","manually selected entry was not present in any configured source","skipped","skipped","skipped","skipped","skipped","skipped","skipped","skipped","","manually_selected_for_filtered","input/manually_selected_for_filtered/direct.txt"
"sqydao.com","sqydao.com","host_resolution_to_review_nodata","host resolution returned NODATA","ns_records_exist","ns_records_exist","nodata","host resolution returned NODATA","skipped","skipped","skipped","skipped","","direct","https://is.gd/43bKSw"
"ssmy.cc","ssmy.cc","host_resolution_to_review_nodata","host resolution returned NODATA","ns_records_exist","ns_records_exist","nodata","host resolution returned NODATA","skipped","skipped","skipped","skipped","","direct","https://is.gd/43bKSw"
"starplaylet.com","starplaylet.com","host_resolution_to_review_nodata","host resolution returned NODATA","ns_records_exist","ns_records_exist","nodata","host resolution returned NODATA","skipped","skipped","skipped","skipped","","direct","https://is.gd/43bKSw"
"studyfr.net","studyfr.net","ip_location_to_review_policy_rejected","ip location policy rejected the resolved IP set","ns_records_exist","ns_records_exist","resolved","resolved","rejected","no_ips_matched","rejected","no_ips_matched","ipinfo_lite","direct","https://is.gd/43bKSw"
"stztz.com","stztz.com","ip_location_to_review_policy_rejected","ip location policy rejected the resolved IP set","ns_records_exist","ns_records_exist","resolved","resolved","rejected","no_ips_matched","rejected","no_ips_matched","ipinfo_lite","direct","https://is.gd/43bKSw"
"sunlands.com","sunlands.com","host_resolution_to_review_nodata","host resolution returned NODATA","ns_records_exist","ns_records_exist","nodata","host resolution returned NODATA","skipped","skipped","skipped","skipped","","direct","https://is.gd/43bKSw"
"svlqgh.com","svlqgh.com","host_resolution_to_review_nodata","host resolution returned NODATA","ns_records_exist","ns_records_exist","nodata","host resolution returned NODATA","skipped","skipped","skipped","skipped","","direct","https://is.gd/43bKSw"
"sxinmaoyi.com","sxinmaoyi.com","host_resolution_to_review_nodata","host resolution returned NODATA","ns_records_exist","ns_records_exist","nodata","host resolution returned NODATA","skipped","skipped","skipped","skipped","","direct","https://is.gd/43bKSw"
"sxstczx.com","sxstczx.com","host_resolution_to_review_nodata","host resolution returned NODATA","ns_records_exist","ns_records_exist","nodata","host resolution returned NODATA","skipped","skipped","skipped","skipped","","direct","https://is.gd/43bKSw"
"szteyin.com","szteyin.com","manually_selected_for_filtered_to_review_not_in_sources","manually selected entry was not present in any configured source","skipped","skipped","skipped","skipped","skipped","skipped","skipped","skipped","","manually_selected_for_filtered","input/manually_selected_for_filtered/direct.txt"
"taichuansmart.com","taichuansmart.com","ip_location_to_review_policy_rejected","ip location policy rejected the resolved IP set","ns_records_exist","ns_records_exist","resolved","resolved","rejected","no_ips_matched","rejected","no_ips_matched","ipinfo_lite","direct","https://is.gd/43bKSw"
"taihemedia.com","taihemedia.com","host_resolution_to_review_nodata","host resolution returned NODATA","ns_records_exist","ns_records_exist","nodata","host resolution returned NODATA","skipped","skipped","skipped","skipped","","direct","https://is.gd/43bKSw"
"tdwlcm.com","tdwlcm.com","host_resolution_to_review_nodata","host resolution returned NODATA","ns_records_exist","ns_records_exist","nodata","host resolution returned NODATA","skipped","skipped","skipped","skipped","","direct","https://is.gd/43bKSw"
"testingpai.com","testingpai.com","manually_selected_for_filtered_to_review_not_in_sources","manually selected entry was not present in any configured source","skipped","skipped","skipped","skipped","skipped","skipped","skipped","skipped","","manually_selected_for_filtered","input/manually_selected_for_filtered/direct.txt"
"tiger-info.com","tiger-info.com","ip_location_to_review_policy_rejected","ip location policy rejected the resolved IP set","ns_records_exist","ns_records_exist","resolved","resolved","rejected","no_ips_matched","rejected","no_ips_matched","ipinfo_lite","direct","https://is.gd/43bKSw"
"tingvision.com","tingvision.com","manually_selected_for_filtered_to_review_not_in_sources","manually selected entry was not present in any configured source","skipped","skipped","skipped","skipped","skipped","skipped","skipped","skipped","","manually_selected_for_filtered","input/manually_selected_for_filtered/direct.txt"
"tm5ad.com","tm5ad.com","host_resolution_to_review_servfail","host resolution returned SERVFAIL after retries","ns_records_exist","ns_records_exist","servfail","host resolution returned SERVFAIL after retries","skipped","skipped","skipped","skipped","","direct","https://is.gd/43bKSw"
"tootour.com","tootour.com","manually_selected_for_filtered_to_review_not_in_sources","manually selected entry was not present in any configured source","skipped","skipped","skipped","skipped","skipped","skipped","skipped","skipped","","manually_selected_for_filtered","input/manually_selected_for_filtered/direct.txt"
"touchbike.net","touchbike.net","host_resolution_to_review_nodata","host resolution returned NODATA","ns_records_exist","ns_records_exist","nodata","host resolution returned NODATA","skipped","skipped","skipped","skipped","","direct","https://is.gd/43bKSw"
"touchgaloss.com","touchgaloss.com","host_resolution_to_review_nodata","host resolution returned NODATA","ns_records_exist","ns_records_exist","nodata","host resolution returned NODATA","skipped","skipped","skipped","skipped","","direct","https://is.gd/43bKSw"
"tretars.com","tretars.com","ip_location_to_review_policy_rejected","ip location policy rejected the resolved IP set","ns_records_exist","ns_records_exist","resolved","resolved","rejected","no_ips_matched","rejected","no_ips_matched","ipinfo_lite","direct","https://is.gd/43bKSw"
"trustca.net","trustca.net","host_resolution_to_review_nodata","host resolution returned NODATA","ns_records_exist","ns_records_exist","nodata","host resolution returned NODATA","skipped","skipped","skipped","skipped","","direct","https://is.gd/43bKSw"
"ttggxx.com","ttggxx.com","ip_location_to_review_policy_rejected","ip location policy rejected the resolved IP set","ns_records_exist","ns_records_exist","resolved","resolved","rejected","no_ips_matched","rejected","no_ips_matched","ipinfo_lite","direct","https://is.gd/43bKSw"
"tuchuangs.com","tuchuangs.com","manually_selected_for_filtered_to_review_not_in_sources","manually selected entry was not present in any configured source","skipped","skipped","skipped","skipped","skipped","skipped","skipped","skipped","","manually_selected_for_filtered","input/manually_selected_for_filtered/direct.txt"
"tuoyuantec.com","tuoyuantec.com","ip_location_to_review_policy_rejected","ip location policy rejected the resolved IP set","ns_records_exist","ns_records_exist","resolved","resolved","rejected","no_ips_matched","rejected","no_ips_matched","ipinfo_lite","direct","https://is.gd/43bKSw"
"u520.net","u520.net","ip_location_to_review_policy_rejected","ip location policy rejected the resolved IP set","ns_records_exist","ns_records_exist","resolved","resolved","rejected","no_ips_matched","rejected","no_ips_matched","ipinfo_lite","direct","https://is.gd/43bKSw"
"uni-market.com","uni-market.com","host_resolution_to_review_nodata","host resolution returned NODATA","ns_records_exist","ns_records_exist","nodata","host resolution returned NODATA","skipped","skipped","skipped","skipped","","direct","https://is.gd/43bKSw"
"unionflink.com","unionflink.com","host_resolution_to_review_nodata","host resolution returned NODATA","ns_records_exist","ns_records_exist","nodata","host resolution returned NODATA","skipped","skipped","skipped","skipped","","direct","https://is.gd/43bKSw"
"uslawchina.com","uslawchina.com","manually_selected_for_filtered_to_review_not_in_sources","manually selected entry was not present in any configured source","skipped","skipped","skipped","skipped","skipped","skipped","skipped","skipped","","manually_selected_for_filtered","input/manually_selected_for_filtered/direct.txt"
"uwayparking.com","uwayparking.com","host_resolution_to_review_nodata","host resolution returned NODATA","ns_records_exist","ns_records_exist","nodata","host resolution returned NODATA","skipped","skipped","skipped","skipped","","direct","https://is.gd/43bKSw"
"vip360.work","vip360.work","manually_selected_for_filtered_to_review_not_in_sources","manually selected entry was not present in any configured source","skipped","skipped","skipped","skipped","skipped","skipped","skipped","skipped","","manually_selected_for_filtered","input/manually_selected_for_filtered/direct.txt"
"vipappsina.com","vipappsina.com","ip_location_to_review_lookup_failed","ip_location lookup failed because the ip_location provider returned unusable data","ns_records_exist","ns_records_exist","resolved","resolved","invalid_payload","invalid_payload","skipped","skipped","ipinfo_lite","direct","https://is.gd/43bKSw"
"visionariopro.com","visionariopro.com","host_resolution_to_review_nodata","host resolution returned NODATA","ns_records_exist","ns_records_exist","nodata","host resolution returned NODATA","skipped","skipped","skipped","skipped","","direct","https://is.gd/43bKSw"
"vlan5.com","vlan5.com","host_resolution_to_review_nodata","host resolution returned NODATA","ns_records_exist","ns_records_exist","nodata","host resolution returned NODATA","skipped","skipped","skipped","skipped","","direct","https://is.gd/43bKSw"
"vtools.online","vtools.online","ip_location_to_review_policy_rejected","ip location policy rejected the resolved IP set","ns_records_exist","ns_records_exist","resolved","resolved","rejected","no_ips_matched","rejected","no_ips_matched","ipinfo_lite","direct","https://is.gd/43bKSw"
"vviptuangou.com","vviptuangou.com","manually_selected_for_filtered_to_review_not_in_sources","manually selected entry was not present in any configured source","skipped","skipped","skipped","skipped","skipped","skipped","skipped","skipped","","manually_selected_for_filtered","input/manually_selected_for_filtered/direct.txt"
"wang-li.com","wang-li.com","ip_location_to_review_policy_rejected","ip location policy rejected the resolved IP set","ns_records_exist","ns_records_exist","resolved","resolved","rejected","no_ips_matched","rejected","no_ips_matched","ipinfo_lite","direct","https://is.gd/43bKSw"
"wanshancha.com","wanshancha.com","ip_location_to_review_policy_rejected","ip location policy rejected the resolved IP set","ns_records_exist","ns_records_exist","resolved","resolved","rejected","no_ips_matched","rejected","no_ips_matched","ipinfo_lite","direct","https://is.gd/43bKSw"
"waynetechs.com","waynetechs.com","ip_location_to_review_policy_rejected","ip location policy rejected the resolved IP set","ns_records_exist","ns_records_exist","resolved","resolved","rejected","no_ips_matched","rejected","no_ips_matched","ipinfo_lite","direct","https://is.gd/43bKSw"
"wbsdz.com","wbsdz.com","manually_selected_for_filtered_to_review_not_in_sources","manually selected entry was not present in any configured source","skipped","skipped","skipped","skipped","skipped","skipped","skipped","skipped","","manually_selected_for_filtered","input/manually_selected_for_filtered/direct.txt"
"wdjiyili.com","wdjiyili.com","host_resolution_to_review_nodata","host resolution returned NODATA","ns_records_exist","ns_records_exist","nodata","host resolution returned NODATA","skipped","skipped","skipped","skipped","","direct","https://is.gd/43bKSw"
"weiguang.cc","weiguang.cc","manually_selected_for_filtered_to_review_not_in_sources","manually selected entry was not present in any configured source","skipped","skipped","skipped","skipped","skipped","skipped","skipped","skipped","","manually_selected_for_filtered","input/manually_selected_for_filtered/direct.txt"
"weihaoyi.com","weihaoyi.com","ip_location_to_review_policy_rejected","ip location policy rejected the resolved IP set","ns_records_exist","ns_records_exist","resolved","resolved","rejected","no_ips_matched","rejected","no_ips_matched","ipinfo_lite","direct","https://is.gd/43bKSw"
"weijq.com","weijq.com","manually_selected_for_filtered_to_review_not_in_sources","manually selected entry was not present in any configured source","skipped","skipped","skipped","skipped","skipped","skipped","skipped","skipped","","manually_selected_for_filtered","input/manually_selected_for_filtered/direct.txt"
"weikeqi-biotech.com","weikeqi-biotech.com","manually_selected_for_filtered_to_review_not_in_sources","manually selected entry was not present in any configured source","skipped","skipped","skipped","skipped","skipped","skipped","skipped","skipped","","manually_selected_for_filtered","input/manually_selected_for_filtered/direct.txt"
"weixinpcs.com","weixinpcs.com","host_resolution_to_review_nodata","host resolution returned NODATA","ns_records_exist","ns_records_exist","nodata","host resolution returned NODATA","skipped","skipped","skipped","skipped","","direct","https://is.gd/43bKSw"
"wifimsl.com","wifimsl.com","manually_selected_for_filtered_to_review_not_in_sources","manually selected entry was not present in any configured source","skipped","skipped","skipped","skipped","skipped","skipped","skipped","skipped","","manually_selected_for_filtered","input/manually_selected_for_filtered/direct.txt"
"wlkac.com","wlkac.com","host_resolution_to_review_nodata","host resolution returned NODATA","ns_records_exist","ns_records_exist","nodata","host resolution returned NODATA","skipped","skipped","skipped","skipped","","direct","https://is.gd/43bKSw"
"wmxxgy.com","wmxxgy.com","host_resolution_to_review_nodata","host resolution returned NODATA","ns_records_exist","ns_records_exist","nodata","host resolution returned NODATA","skipped","skipped","skipped","skipped","","direct","https://is.gd/43bKSw"
"wnbsq.com","wnbsq.com","ip_location_to_review_policy_rejected","ip location policy rejected the resolved IP set","ns_records_exist","ns_records_exist","resolved","resolved","rejected","no_ips_matched","rejected","no_ips_matched","ipinfo_lite","direct","https://is.gd/43bKSw"
"wnlbs.com","wnlbs.com","ip_location_to_review_lookup_failed","ip_location lookup failed because the ip_location provider returned unusable data","ns_records_exist","ns_records_exist","resolved","resolved","invalid_payload","invalid_payload","skipped","skipped","ipinfo_lite","direct","https://is.gd/43bKSw"
"woniupai.net","woniupai.net","host_resolution_to_review_nodata","host resolution returned NODATA","ns_records_exist","ns_records_exist","nodata","host resolution returned NODATA","skipped","skipped","skipped","skipped","","direct","https://is.gd/43bKSw"
"workbuddy.ai","workbuddy.ai","ip_location_to_review_policy_rejected","ip location policy rejected the resolved IP set","ns_records_exist","ns_records_exist","resolved","resolved","rejected","no_ips_matched","rejected","no_ips_matched","ipinfo_lite","direct","https://is.gd/43bKSw"
"wort.cloud","wort.cloud","manually_selected_for_filtered_to_review_not_in_sources","manually selected entry was not present in any configured source","skipped","skipped","skipped","skipped","skipped","skipped","skipped","skipped","","manually_selected_for_filtered","input/manually_selected_for_filtered/direct.txt"
"wxstratos.com","wxstratos.com","host_resolution_to_review_nodata","host resolution returned NODATA","ns_records_exist","ns_records_exist","nodata","host resolution returned NODATA","skipped","skipped","skipped","skipped","","direct","https://is.gd/43bKSw"
"wyxzxyjhyy.com","wyxzxyjhyy.com","host_resolution_to_review_servfail","host resolution returned SERVFAIL after retries","ns_records_exist","ns_records_exist","servfail","host resolution returned SERVFAIL after retries","skipped","skipped","skipped","skipped","","direct","https://is.gd/43bKSw"
"wzxianggui.com","wzxianggui.com","ip_location_to_review_policy_rejected","ip location policy rejected the resolved IP set","ns_records_exist","ns_records_exist","resolved","resolved","rejected","no_ips_matched","rejected","no_ips_matched","ipinfo_lite","direct","https://is.gd/43bKSw"
"xazfq.com","xazfq.com","ip_location_to_review_policy_rejected","ip location policy rejected the resolved IP set","ns_records_exist","ns_records_exist","resolved","resolved","rejected","no_ips_matched","rejected","no_ips_matched","ipinfo_lite","direct","https://is.gd/43bKSw"
"xcjmcnc.com","xcjmcnc.com","manually_selected_for_filtered_to_review_not_in_sources","manually selected entry was not present in any configured source","skipped","skipped","skipped","skipped","skipped","skipped","skipped","skipped","","manually_selected_for_filtered","input/manually_selected_for_filtered/direct.txt"
"xdbin.com","xdbin.com","ip_location_to_review_policy_rejected","ip location policy rejected the resolved IP set","ns_records_exist","ns_records_exist","resolved","resolved","rejected","no_ips_matched","rejected","no_ips_matched","ipinfo_lite","direct","https://is.gd/43bKSw"
"xiamenfq.com","xiamenfq.com","host_resolution_to_review_nodata","host resolution returned NODATA","ns_records_exist","ns_records_exist","nodata","host resolution returned NODATA","skipped","skipped","skipped","skipped","","direct","https://is.gd/43bKSw"
"xikestor.com","xikestor.com","ip_location_to_review_policy_rejected","ip location policy rejected the resolved IP set","ns_records_exist","ns_records_exist","resolved","resolved","rejected","no_ips_matched","rejected","no_ips_matched","ipinfo_lite","direct","https://is.gd/43bKSw"
"xkunyi.com","xkunyi.com","manually_selected_for_filtered_to_review_not_in_sources","manually selected entry was not present in any configured source","skipped","skipped","skipped","skipped","skipped","skipped","skipped","skipped","","manually_selected_for_filtered","input/manually_selected_for_filtered/direct.txt"
"xkyn.com","xkyn.com","host_resolution_to_review_nodata","host resolution returned NODATA","ns_records_exist","ns_records_exist","nodata","host resolution returned NODATA","skipped","skipped","skipped","skipped","","direct","https://is.gd/43bKSw"
"xn--id-ov2cb7n32b01yl6auun2bpzk4p2dgip.com","xn--id-ov2cb7n32b01yl6auun2bpzk4p2dgip.com","ip_location_to_review_policy_rejected","ip location policy rejected the resolved IP set","ns_records_exist","ns_records_exist","resolved","resolved","rejected","no_ips_matched","rejected","no_ips_matched","ipinfo_lite","direct","https://is.gd/43bKSw"
"xn--xwrq59aduur60a.com","xn--xwrq59aduur60a.com","host_resolution_to_review_nodata","host resolution returned NODATA","ns_records_exist","ns_records_exist","nodata","host resolution returned NODATA","skipped","skipped","skipped","skipped","","direct","https://is.gd/43bKSw"
"xs-servers.com","xs-servers.com","manually_selected_for_filtered_to_review_not_in_sources","manually selected entry was not present in any configured source","skipped","skipped","skipped","skipped","skipped","skipped","skipped","skipped","","manually_selected_for_filtered","input/manually_selected_for_filtered/direct.txt"
"xtia.design","xtia.design","ip_location_to_review_policy_rejected","ip location policy rejected the resolved IP set","ns_records_exist","ns_records_exist","resolved","resolved","rejected","no_ips_matched","rejected","no_ips_matched","ipinfo_lite","direct","https://is.gd/43bKSw"
"xueshuwenhai.com","xueshuwenhai.com","ip_location_to_review_policy_rejected","ip location policy rejected the resolved IP set","ns_records_exist","ns_records_exist","resolved","resolved","rejected","no_ips_matched","rejected","no_ips_matched","ipinfo_lite","direct","https://is.gd/43bKSw"
"yangyanxing.com","yangyanxing.com","manually_selected_for_filtered_to_review_not_in_sources","manually selected entry was not present in any configured source","skipped","skipped","skipped","skipped","skipped","skipped","skipped","skipped","","manually_selected_for_filtered","input/manually_selected_for_filtered/direct.txt"
"yelanxiaoyu.com","yelanxiaoyu.com","manually_selected_for_filtered_to_review_not_in_sources","manually selected entry was not present in any configured source","skipped","skipped","skipped","skipped","skipped","skipped","skipped","skipped","","manually_selected_for_filtered","input/manually_selected_for_filtered/direct.txt"
"yfmhw.com","yfmhw.com","manually_selected_for_filtered_to_review_not_in_sources","manually selected entry was not present in any configured source","skipped","skipped","skipped","skipped","skipped","skipped","skipped","skipped","","manually_selected_for_filtered","input/manually_selected_for_filtered/direct.txt"
"yfwnm.com","yfwnm.com","ip_location_to_review_policy_rejected","ip location policy rejected the resolved IP set","ns_records_exist","ns_records_exist","resolved","resolved","rejected","no_ips_matched","rejected","no_ips_matched","ipinfo_lite","direct","https://is.gd/43bKSw"
"yhstjt.com","yhstjt.com","manually_selected_for_filtered_to_review_not_in_sources","manually selected entry was not present in any configured source","skipped","skipped","skipped","skipped","skipped","skipped","skipped","skipped","","manually_selected_for_filtered","input/manually_selected_for_filtered/direct.txt"
"yhurl.com","yhurl.com","ip_location_to_review_policy_rejected","ip location policy rejected the resolved IP set","ns_records_exist","ns_records_exist","resolved","resolved","rejected","no_ips_matched","rejected","no_ips_matched","ipinfo_lite","direct","https://is.gd/43bKSw"
"yihaoduozhongduan.com","yihaoduozhongduan.com","manually_selected_for_filtered_to_review_not_in_sources","manually selected entry was not present in any configured source","skipped","skipped","skipped","skipped","skipped","skipped","skipped","skipped","","manually_selected_for_filtered","input/manually_selected_for_filtered/direct.txt"
"yinengkt.com","yinengkt.com","manually_selected_for_filtered_to_review_not_in_sources","manually selected entry was not present in any configured source","skipped","skipped","skipped","skipped","skipped","skipped","skipped","skipped","","manually_selected_for_filtered","input/manually_selected_for_filtered/direct.txt"
"yinqiao.com","yinqiao.com","host_resolution_to_review_nodata","host resolution returned NODATA","ns_records_exist","ns_records_exist","nodata","host resolution returned NODATA","skipped","skipped","skipped","skipped","","direct","https://is.gd/43bKSw"
"yizhanzx.com","yizhanzx.com","ip_location_to_review_policy_rejected","ip location policy rejected the resolved IP set","ns_records_exist","ns_records_exist","resolved","resolved","rejected","no_ips_matched","rejected","no_ips_matched","ipinfo_lite","direct","https://is.gd/43bKSw"
"yizhiyc.com","yizhiyc.com","ip_location_to_review_policy_rejected","ip location policy rejected the resolved IP set","ns_records_exist","ns_records_exist","resolved","resolved","rejected","no_ips_matched","rejected","no_ips_matched","ipinfo_lite","direct","https://is.gd/43bKSw"
"ymlt.net","ymlt.net","manually_selected_for_filtered_to_review_not_in_sources","manually selected entry was not present in any configured source","skipped","skipped","skipped","skipped","skipped","skipped","skipped","skipped","","manually_selected_for_filtered","input/manually_selected_for_filtered/direct.txt"
"ynszk.com","ynszk.com","ip_location_to_review_policy_rejected","ip location policy rejected the resolved IP set","ns_nodata","ns_nodata","resolved","resolved","rejected","no_ips_matched","rejected","no_ips_matched","ipinfo_lite","direct","https://is.gd/43bKSw"
"youqian.pro","youqian.pro","host_resolution_to_review_nodata","host resolution returned NODATA","ns_records_exist","ns_records_exist","nodata","host resolution returned NODATA","skipped","skipped","skipped","skipped","","direct","https://is.gd/43bKSw"
"youtoupiao.com","youtoupiao.com","host_resolution_to_review_servfail","host resolution returned SERVFAIL after retries","ns_records_exist","ns_records_exist","servfail","host resolution returned SERVFAIL after retries","skipped","skipped","skipped","skipped","","direct","https://is.gd/43bKSw"
"youxi8282.com","youxi8282.com","ip_location_to_review_policy_rejected","ip location policy rejected the resolved IP set","ns_records_exist","ns_records_exist","resolved","resolved","rejected","no_ips_matched","rejected","no_ips_matched","ipinfo_lite","direct","https://is.gd/43bKSw"
"yr4c3jo8ry.com","yr4c3jo8ry.com","host_resolution_to_review_nodata","host resolution returned NODATA","ns_records_exist","ns_records_exist","nodata","host resolution returned NODATA","skipped","skipped","skipped","skipped","","direct","https://is.gd/43bKSw"
"ytg666.com","ytg666.com","manually_selected_for_filtered_to_review_not_in_sources","manually selected entry was not present in any configured source","skipped","skipped","skipped","skipped","skipped","skipped","skipped","skipped","","manually_selected_for_filtered","input/manually_selected_for_filtered/direct.txt"
"ytjcnkyy.com","ytjcnkyy.com","ip_location_to_review_policy_rejected","ip location policy rejected the resolved IP set","ns_records_exist","ns_records_exist","resolved","resolved","rejected","no_ips_matched","rejected","no_ips_matched","ipinfo_lite","direct","https://is.gd/43bKSw"
"yuancailiao.net","yuancailiao.net","host_resolution_to_review_nodata","host resolution returned NODATA","ns_records_exist","ns_records_exist","nodata","host resolution returned NODATA","skipped","skipped","skipped","skipped","","direct","https://is.gd/43bKSw"
"yuelongyy.com","yuelongyy.com","host_resolution_to_review_nodata","host resolution returned NODATA","ns_records_exist","ns_records_exist","nodata","host resolution returned NODATA","skipped","skipped","skipped","skipped","","direct","https://is.gd/43bKSw"
"yundianjia.com","yundianjia.com","ip_location_to_review_policy_rejected","ip location policy rejected the resolved IP set","ns_records_exist","ns_records_exist","resolved","resolved","rejected","no_ips_matched","rejected","no_ips_matched","ipinfo_lite","direct","https://is.gd/43bKSw"
"yunfan.com","yunfan.com","ip_location_to_review_policy_rejected","ip location policy rejected the resolved IP set","ns_records_exist","ns_records_exist","resolved","resolved","rejected","no_ips_matched","rejected","no_ips_matched","ipinfo_lite","direct","https://is.gd/43bKSw"
"yushu5.com","yushu5.com","manually_selected_for_filtered_to_review_not_in_sources","manually selected entry was not present in any configured source","skipped","skipped","skipped","skipped","skipped","skipped","skipped","skipped","","manually_selected_for_filtered","input/manually_selected_for_filtered/direct.txt"
"yusunjewelry.com","yusunjewelry.com","ip_location_to_review_policy_rejected","ip location policy rejected the resolved IP set","ns_records_exist","ns_records_exist","resolved","resolved","rejected","no_ips_matched","rejected","no_ips_matched","ipinfo_lite","direct","https://is.gd/43bKSw"
"yygrammar.com","yygrammar.com","manually_selected_for_filtered_to_review_not_in_sources","manually selected entry was not present in any configured source","skipped","skipped","skipped","skipped","skipped","skipped","skipped","skipped","","manually_selected_for_filtered","input/manually_selected_for_filtered/direct.txt"
"yywords.com","yywords.com","manually_selected_for_filtered_to_review_not_in_sources","manually selected entry was not present in any configured source","skipped","skipped","skipped","skipped","skipped","skipped","skipped","skipped","","manually_selected_for_filtered","input/manually_selected_for_filtered/direct.txt"
"yzt888.com","yzt888.com","manually_selected_for_filtered_to_review_not_in_sources","manually selected entry was not present in any configured source","skipped","skipped","skipped","skipped","skipped","skipped","skipped","skipped","","manually_selected_for_filtered","input/manually_selected_for_filtered/direct.txt"
"zcscz.com","zcscz.com","manually_selected_for_filtered_to_review_not_in_sources","manually selected entry was not present in any configured source","skipped","skipped","skipped","skipped","skipped","skipped","skipped","skipped","","manually_selected_for_filtered","input/manually_selected_for_filtered/direct.txt"
"zhewx.com","zhewx.com","host_resolution_to_review_nodata","host resolution returned NODATA","ns_records_exist","ns_records_exist","nodata","host resolution returned NODATA","skipped","skipped","skipped","skipped","","direct","https://is.gd/43bKSw"
"zhiren.com","zhiren.com","manually_selected_for_filtered_to_review_not_in_sources","manually selected entry was not present in any configured source","skipped","skipped","skipped","skipped","skipped","skipped","skipped","skipped","","manually_selected_for_filtered","input/manually_selected_for_filtered/direct.txt"
"zhivisaworld.com","zhivisaworld.com","manually_selected_for_filtered_to_review_not_in_sources","manually selected entry was not present in any configured source","skipped","skipped","skipped","skipped","skipped","skipped","skipped","skipped","","manually_selected_for_filtered","input/manually_selected_for_filtered/direct.txt"
"zhongyapeicui.com","zhongyapeicui.com","ip_location_to_review_policy_rejected","ip location policy rejected the resolved IP set","ns_records_exist","ns_records_exist","resolved","resolved","rejected","no_ips_matched","rejected","no_ips_matched","ipinfo_lite","direct","https://is.gd/43bKSw"
"ziliref.com","ziliref.com","ip_location_to_review_policy_rejected","ip location policy rejected the resolved IP set","ns_records_exist","ns_records_exist","resolved","resolved","rejected","no_ips_matched","rejected","no_ips_matched","ipinfo_lite","direct","https://is.gd/43bKSw"
"ziying.site","ziying.site","host_resolution_to_review_nodata","host resolution returned NODATA","ns_records_exist","ns_records_exist","nodata","host resolution returned NODATA","skipped","skipped","skipped","skipped","","direct","https://is.gd/43bKSw"
"zjkwhjj.com","zjkwhjj.com","ip_location_to_review_policy_rejected","ip location policy rejected the resolved IP set","ns_records_exist","ns_records_exist","resolved","resolved","rejected","no_ips_matched","rejected","no_ips_matched","ipinfo_lite","direct","https://is.gd/43bKSw"
"zjssjt.com","zjssjt.com","ip_location_to_review_lookup_failed","ip_location lookup failed because the ip_location provider returned unusable data","ns_records_exist","ns_records_exist","resolved","resolved","invalid_payload","invalid_payload","skipped","skipped","ipinfo_lite","direct","https://is.gd/43bKSw"
"zjxwtoy.com","zjxwtoy.com","manually_selected_for_filtered_to_review_not_in_sources","manually selected entry was not present in any configured source","skipped","skipped","skipped","skipped","skipped","skipped","skipped","skipped","","manually_selected_for_filtered","input/manually_selected_for_filtered/direct.txt"
"zkhcsoft.com","zkhcsoft.com","host_resolution_to_review_nodata","host resolution returned NODATA","ns_records_exist","ns_records_exist","nodata","host resolution returned NODATA","skipped","skipped","skipped","skipped","","direct","https://is.gd/43bKSw"
"zlhui.com","zlhui.com","ip_location_to_review_policy_rejected","ip location policy rejected the resolved IP set","ns_records_exist","ns_records_exist","resolved","resolved","rejected","no_ips_matched","rejected","no_ips_matched","ipinfo_lite","direct","https://is.gd/43bKSw"
"zljskb.com","zljskb.com","host_resolution_to_review_nodata","host resolution returned NODATA","ns_records_exist","ns_records_exist","nodata","host resolution returned NODATA","skipped","skipped","skipped","skipped","","direct","https://is.gd/43bKSw"
"zomiu.com","zomiu.com","manually_selected_for_filtered_to_review_not_in_sources","manually selected entry was not present in any configured source","skipped","skipped","skipped","skipped","skipped","skipped","skipped","skipped","","manually_selected_for_filtered","input/manually_selected_for_filtered/direct.txt"
"zslefx.art","zslefx.art","ip_location_to_review_policy_rejected","ip location policy rejected the resolved IP set","ns_records_exist","ns_records_exist","resolved","resolved","rejected","no_ips_matched","rejected","no_ips_matched","ipinfo_lite","direct","https://is.gd/43bKSw"
"zuidazym3u8.com","zuidazym3u8.com","host_resolution_to_review_nodata","host resolution returned NODATA","ns_records_exist","ns_records_exist","nodata","host resolution returned NODATA","skipped","skipped","skipped","skipped","","direct","https://is.gd/43bKSw"
"zuo3.com","zuo3.com","host_resolution_to_review_nodata","host resolution returned NODATA","ns_records_exist","ns_records_exist","nodata","host resolution returned NODATA","skipped","skipped","skipped","skipped","","direct","https://is.gd/43bKSw"
"zydcgroup.com","zydcgroup.com","ip_location_to_review_policy_rejected","ip location policy rejected the resolved IP set","ns_records_exist","ns_records_exist","resolved","resolved","rejected","no_ips_matched","rejected","no_ips_matched","ipinfo_lite","direct","https://is.gd/43bKSw"
"zzfreshair.com","zzfreshair.com","host_resolution_to_review_nodata","host resolution returned NODATA","ns_records_exist","ns_records_exist","nodata","host resolution returned NODATA","skipped","skipped","skipped","skipped","","direct","https://is.gd/43bKSw"
"zzms.com","zzms.com","ip_location_to_review_policy_rejected","ip location policy rejected the resolved IP set","ns_records_exist","ns_records_exist","resolved","resolved","rejected","no_ips_matched","rejected","no_ips_matched","ipinfo_lite","direct","https://is.gd/43bKSw"
"zzsi.com","zzsi.com","host_resolution_to_review_nodata","host resolution returned NODATA","ns_records_exist","ns_records_exist","nodata","host resolution returned NODATA","skipped","skipped","skipped","skipped","","direct","https://is.gd/43bKSw"
